{
  "nodes": [
    {
      "id": "ALS001_1_ALS_Solutions_950",
      "label": "ALS_Solutions_950",
      "component": "ALS001",
      "tier": 1,
      "country": "USA",
      "risk": "Low",
      "blocklisted": "No"
    },
    {
      "id": "ALS001_1_ALS_Solutions_158",
      "label": "ALS_Solutions_158",
      "component": "ALS001",
      "tier": 1,
      "country": "USA",
      "risk": "Low",
      "blocklisted": "No"
    },
    {
      "id": "ALS001_1_ALS_Tech_472",
      "label": "ALS_Tech_472",
      "component": "ALS001",
      "tier": 1,
      "country": "UK",
      "risk": "Low",
      "blocklisted": "No"
    },
    {
      "id": "ALS001_2_ALS_Tech_949",
      "label": "ALS_Tech_949",
      "component": "ALS001",
      "tier": 2,
      "country": "Russia",
      "risk": "High",
      "blocklisted": "Yes"
    },
    {
      "id": "ALS001_2_ALS_Systems_170",
      "label": "ALS_Systems_170",
      "component": "ALS001",
      "tier": 2,
      "country": "USA",
      "risk": "Low",
      "blocklisted": "No"
    },
    {
      "id": "ALS001_2_ALS_Tech_876",
      "label": "ALS_Tech_876",
      "component": "ALS001",
      "tier": 2,
      "country": "France",
      "risk": "Low",
      "blocklisted": "No"
    },
    {
      "id": "ALS001_2_ALS_Systems_370",
      "label": "ALS_Systems_370",
      "component": "ALS001",
      "tier": 2,
      "country": "Germany",
      "risk": "Low",
      "blocklisted": "No"
    },
    {
      "id": "ALS001_3_ALS_Industries_696",
      "label": "ALS_Industries_696",
      "component": "ALS001",
      "tier": 3,
      "country": "South Korea",
      "risk": "Medium",
      "blocklisted": "No"
    },
    {
      "id": "ALS001_3_ALS_Industries_325",
      "label": "ALS_Industries_325",
      "component": "ALS001",
      "tier": 3,
      "country": "Japan",
      "risk": "Medium",
      "blocklisted": "No"
    },
    {
      "id": "ALS001_3_ALS_Industries_351",
      "label": "ALS_Industries_351",
      "component": "ALS001",
      "tier": 3,
      "country": "USA",
      "risk": "Low",
      "blocklisted": "No"
    },
    {
      "id": "BMP002_1_BMP_Tech_154",
      "label": "BMP_Tech_154",
      "component": "BMP002",
      "tier": 1,
      "country": "UK",
      "risk": "Low",
      "blocklisted": "No"
    },
    {
      "id": "BMP002_1_BMP_Industries_579",
      "label": "BMP_Industries_579",
      "component": "BMP002",
      "tier": 1,
      "country": "India",
      "risk": "Low",
      "blocklisted": "No"
    },
    {
      "id": "BMP002_1_BMP_Solutions_388",
      "label": "BMP_Solutions_388",
      "component": "BMP002",
      "tier": 1,
      "country": "France",
      "risk": "Low",
      "blocklisted": "No"
    },
    {
      "id": "BMP002_2_BMP_Industries_721",
      "label": "BMP_Industries_721",
      "component": "BMP002",
      "tier": 2,
      "country": "China",
      "risk": "High",
      "blocklisted": "No"
    },
    {
      "id": "BMP002_2_BMP_Tech_676",
      "label": "BMP_Tech_676",
      "component": "BMP002",
      "tier": 2,
      "country": "China",
      "risk": "High",
      "blocklisted": "Yes"
    },
    {
      "id": "BMP002_2_BMP_Solutions_647",
      "label": "BMP_Solutions_647",
      "component": "BMP002",
      "tier": 2,
      "country": "China",
      "risk": "High",
      "blocklisted": "Yes"
    },
    {
      "id": "BMP002_3_BMP_Solutions_364",
      "label": "BMP_Solutions_364",
      "component": "BMP002",
      "tier": 3,
      "country": "Israel",
      "risk": "Medium",
      "blocklisted": "No"
    },
    {
      "id": "BMP002_3_BMP_Solutions_669",
      "label": "BMP_Solutions_669",
      "component": "BMP002",
      "tier": 3,
      "country": "China",
      "risk": "High",
      "blocklisted": "Yes"
    },
    {
      "id": "BMP002_4_BMP_Systems_203",
      "label": "BMP_Systems_203",
      "component": "BMP002",
      "tier": 4,
      "country": "India",
      "risk": "Low",
      "blocklisted": "No"
    },
    {
      "id": "BMP002_4_BMP_Industries_493",
      "label": "BMP_Industries_493",
      "component": "BMP002",
      "tier": 4,
      "country": "Russia",
      "risk": "High",
      "blocklisted": "No"
    },
    {
      "id": "BMP002_4_BMP_Global_409",
      "label": "BMP_Global_409",
      "component": "BMP002",
      "tier": 4,
      "country": "South Korea",
      "risk": "Medium",
      "blocklisted": "No"
    },
    {
      "id": "BMP002_5_BMP_Industries_370",
      "label": "BMP_Industries_370",
      "component": "BMP002",
      "tier": 5,
      "country": "Germany",
      "risk": "Low",
      "blocklisted": "No"
    },
    {
      "id": "BMP002_5_BMP_Global_190",
      "label": "BMP_Global_190",
      "component": "BMP002",
      "tier": 5,
      "country": "India",
      "risk": "Low",
      "blocklisted": "No"
    },
    {
      "id": "ART003_1_ART_Solutions_881",
      "label": "ART_Solutions_881",
      "component": "ART003",
      "tier": 1,
      "country": "UK",
      "risk": "Low",
      "blocklisted": "No"
    },
    {
      "id": "ART003_1_ART_Global_788",
      "label": "ART_Global_788",
      "component": "ART003",
      "tier": 1,
      "country": "India",
      "risk": "Low",
      "blocklisted": "No"
    },
    {
      "id": "ART003_1_ART_Global_538",
      "label": "ART_Global_538",
      "component": "ART003",
      "tier": 1,
      "country": "USA",
      "risk": "Low",
      "blocklisted": "No"
    },
    {
      "id": "ART003_1_ART_Tech_129",
      "label": "ART_Tech_129",
      "component": "ART003",
      "tier": 1,
      "country": "Japan",
      "risk": "Medium",
      "blocklisted": "No"
    },
    {
      "id": "ART003_2_ART_Global_182",
      "label": "ART_Global_182",
      "component": "ART003",
      "tier": 2,
      "country": "South Korea",
      "risk": "Medium",
      "blocklisted": "No"
    },
    {
      "id": "ART003_2_ART_Systems_960",
      "label": "ART_Systems_960",
      "component": "ART003",
      "tier": 2,
      "country": "France",
      "risk": "Low",
      "blocklisted": "No"
    },
    {
      "id": "ART003_2_ART_Systems_329",
      "label": "ART_Systems_329",
      "component": "ART003",
      "tier": 2,
      "country": "France",
      "risk": "Low",
      "blocklisted": "No"
    },
    {
      "id": "ART003_2_ART_Tech_798",
      "label": "ART_Tech_798",
      "component": "ART003",
      "tier": 2,
      "country": "India",
      "risk": "Low",
      "blocklisted": "No"
    },
    {
      "id": "ART003_3_ART_Industries_702",
      "label": "ART_Industries_702",
      "component": "ART003",
      "tier": 3,
      "country": "USA",
      "risk": "Low",
      "blocklisted": "No"
    },
    {
      "id": "ART003_3_ART_Tech_408",
      "label": "ART_Tech_408",
      "component": "ART003",
      "tier": 3,
      "country": "France",
      "risk": "Low",
      "blocklisted": "No"
    },
    {
      "id": "ART003_3_ART_Solutions_980",
      "label": "ART_Solutions_980",
      "component": "ART003",
      "tier": 3,
      "country": "UK",
      "risk": "Low",
      "blocklisted": "No"
    },
    {
      "id": "ART003_3_ART_Solutions_333",
      "label": "ART_Solutions_333",
      "component": "ART003",
      "tier": 3,
      "country": "China",
      "risk": "High",
      "blocklisted": "No"
    },
    {
      "id": "ART003_4_ART_Global_574",
      "label": "ART_Global_574",
      "component": "ART003",
      "tier": 4,
      "country": "China",
      "risk": "High",
      "blocklisted": "No"
    },
    {
      "id": "ART003_4_ART_Tech_277",
      "label": "ART_Tech_277",
      "component": "ART003",
      "tier": 4,
      "country": "France",
      "risk": "Low",
      "blocklisted": "No"
    },
    {
      "id": "ART003_4_ART_Global_241",
      "label": "ART_Global_241",
      "component": "ART003",
      "tier": 4,
      "country": "Israel",
      "risk": "Medium",
      "blocklisted": "No"
    },
    {
      "id": "ART003_4_ART_Solutions_690",
      "label": "ART_Solutions_690",
      "component": "ART003",
      "tier": 4,
      "country": "UK",
      "risk": "Low",
      "blocklisted": "No"
    },
    {
      "id": "UAV004_1_UAV_Solutions_792",
      "label": "UAV_Solutions_792",
      "component": "UAV004",
      "tier": 1,
      "country": "Israel",
      "risk": "Medium",
      "blocklisted": "No"
    },
    {
      "id": "UAV004_1_UAV_Industries_385",
      "label": "UAV_Industries_385",
      "component": "UAV004",
      "tier": 1,
      "country": "France",
      "risk": "Low",
      "blocklisted": "No"
    },
    {
      "id": "UAV004_1_UAV_Industries_150",
      "label": "UAV_Industries_150",
      "component": "UAV004",
      "tier": 1,
      "country": "Germany",
      "risk": "Low",
      "blocklisted": "No"
    },
    {
      "id": "UAV004_2_UAV_Tech_848",
      "label": "UAV_Tech_848",
      "component": "UAV004",
      "tier": 2,
      "country": "Japan",
      "risk": "Medium",
      "blocklisted": "No"
    },
    {
      "id": "UAV004_2_UAV_Industries_429",
      "label": "UAV_Industries_429",
      "component": "UAV004",
      "tier": 2,
      "country": "China",
      "risk": "High",
      "blocklisted": "No"
    },
    {
      "id": "UAV004_2_UAV_Tech_829",
      "label": "UAV_Tech_829",
      "component": "UAV004",
      "tier": 2,
      "country": "South Korea",
      "risk": "Medium",
      "blocklisted": "No"
    },
    {
      "id": "UAV004_2_UAV_Industries_412",
      "label": "UAV_Industries_412",
      "component": "UAV004",
      "tier": 2,
      "country": "Israel",
      "risk": "Medium",
      "blocklisted": "No"
    },
    {
      "id": "UAV004_3_UAV_Solutions_926",
      "label": "UAV_Solutions_926",
      "component": "UAV004",
      "tier": 3,
      "country": "China",
      "risk": "High",
      "blocklisted": "No"
    },
    {
      "id": "UAV004_3_UAV_Solutions_537",
      "label": "UAV_Solutions_537",
      "component": "UAV004",
      "tier": 3,
      "country": "UK",
      "risk": "Low",
      "blocklisted": "No"
    },
    {
      "id": "UAV004_4_UAV_Tech_140",
      "label": "UAV_Tech_140",
      "component": "UAV004",
      "tier": 4,
      "country": "UK",
      "risk": "Low",
      "blocklisted": "No"
    },
    {
      "id": "UAV004_4_UAV_Solutions_925",
      "label": "UAV_Solutions_925",
      "component": "UAV004",
      "tier": 4,
      "country": "Japan",
      "risk": "Medium",
      "blocklisted": "No"
    },
    {
      "id": "UAV004_4_UAV_Tech_708",
      "label": "UAV_Tech_708",
      "component": "UAV004",
      "tier": 4,
      "country": "Japan",
      "risk": "Medium",
      "blocklisted": "No"
    },
    {
      "id": "COM005_1_COM_Systems_779",
      "label": "COM_Systems_779",
      "component": "COM005",
      "tier": 1,
      "country": "South Korea",
      "risk": "Medium",
      "blocklisted": "No"
    },
    {
      "id": "COM005_1_COM_Industries_699",
      "label": "COM_Industries_699",
      "component": "COM005",
      "tier": 1,
      "country": "China",
      "risk": "High",
      "blocklisted": "Yes"
    },
    {
      "id": "COM005_1_COM_Systems_288",
      "label": "COM_Systems_288",
      "component": "COM005",
      "tier": 1,
      "country": "Russia",
      "risk": "High",
      "blocklisted": "Yes"
    },
    {
      "id": "COM005_1_COM_Solutions_391",
      "label": "COM_Solutions_391",
      "component": "COM005",
      "tier": 1,
      "country": "UK",
      "risk": "Low",
      "blocklisted": "No"
    },
    {
      "id": "COM005_2_COM_Tech_589",
      "label": "COM_Tech_589",
      "component": "COM005",
      "tier": 2,
      "country": "USA",
      "risk": "Low",
      "blocklisted": "No"
    },
    {
      "id": "COM005_2_COM_Solutions_937",
      "label": "COM_Solutions_937",
      "component": "COM005",
      "tier": 2,
      "country": "Israel",
      "risk": "Medium",
      "blocklisted": "No"
    },
    {
      "id": "COM005_3_COM_Systems_315",
      "label": "COM_Systems_315",
      "component": "COM005",
      "tier": 3,
      "country": "UK",
      "risk": "Low",
      "blocklisted": "No"
    },
    {
      "id": "COM005_3_COM_Tech_584",
      "label": "COM_Tech_584",
      "component": "COM005",
      "tier": 3,
      "country": "India",
      "risk": "Low",
      "blocklisted": "No"
    },
    {
      "id": "COM005_3_COM_Global_696",
      "label": "COM_Global_696",
      "component": "COM005",
      "tier": 3,
      "country": "France",
      "risk": "Low",
      "blocklisted": "No"
    },
    {
      "id": "COM005_4_COM_Industries_142",
      "label": "COM_Industries_142",
      "component": "COM005",
      "tier": 4,
      "country": "UK",
      "risk": "Low",
      "blocklisted": "No"
    },
    {
      "id": "COM005_4_COM_Solutions_476",
      "label": "COM_Solutions_476",
      "component": "COM005",
      "tier": 4,
      "country": "Russia",
      "risk": "High",
      "blocklisted": "No"
    },
    {
      "id": "COM005_4_COM_Global_944",
      "label": "COM_Global_944",
      "component": "COM005",
      "tier": 4,
      "country": "USA",
      "risk": "Low",
      "blocklisted": "No"
    },
    {
      "id": "COM005_4_COM_Industries_596",
      "label": "COM_Industries_596",
      "component": "COM005",
      "tier": 4,
      "country": "Japan",
      "risk": "Medium",
      "blocklisted": "No"
    },
    {
      "id": "RAD006_1_RAD_Solutions_229",
      "label": "RAD_Solutions_229",
      "component": "RAD006",
      "tier": 1,
      "country": "Russia",
      "risk": "High",
      "blocklisted": "No"
    },
    {
      "id": "RAD006_1_RAD_Tech_537",
      "label": "RAD_Tech_537",
      "component": "RAD006",
      "tier": 1,
      "country": "Russia",
      "risk": "High",
      "blocklisted": "No"
    },
    {
      "id": "RAD006_1_RAD_Systems_718",
      "label": "RAD_Systems_718",
      "component": "RAD006",
      "tier": 1,
      "country": "China",
      "risk": "High",
      "blocklisted": "No"
    },
    {
      "id": "RAD006_2_RAD_Solutions_757",
      "label": "RAD_Solutions_757",
      "component": "RAD006",
      "tier": 2,
      "country": "USA",
      "risk": "Low",
      "blocklisted": "No"
    },
    {
      "id": "RAD006_2_RAD_Systems_115",
      "label": "RAD_Systems_115",
      "component": "RAD006",
      "tier": 2,
      "country": "Germany",
      "risk": "Low",
      "blocklisted": "No"
    },
    {
      "id": "RAD006_2_RAD_Systems_770",
      "label": "RAD_Systems_770",
      "component": "RAD006",
      "tier": 2,
      "country": "UK",
      "risk": "Low",
      "blocklisted": "No"
    },
    {
      "id": "RAD006_3_RAD_Global_803",
      "label": "RAD_Global_803",
      "component": "RAD006",
      "tier": 3,
      "country": "Japan",
      "risk": "Medium",
      "blocklisted": "No"
    },
    {
      "id": "RAD006_3_RAD_Global_518",
      "label": "RAD_Global_518",
      "component": "RAD006",
      "tier": 3,
      "country": "France",
      "risk": "Low",
      "blocklisted": "No"
    },
    {
      "id": "RAD006_3_RAD_Tech_897",
      "label": "RAD_Tech_897",
      "component": "RAD006",
      "tier": 3,
      "country": "Russia",
      "risk": "High",
      "blocklisted": "No"
    },
    {
      "id": "RAD006_4_RAD_Solutions_762",
      "label": "RAD_Solutions_762",
      "component": "RAD006",
      "tier": 4,
      "country": "UK",
      "risk": "Low",
      "blocklisted": "No"
    },
    {
      "id": "RAD006_4_RAD_Industries_775",
      "label": "RAD_Industries_775",
      "component": "RAD006",
      "tier": 4,
      "country": "India",
      "risk": "Low",
      "blocklisted": "No"
    },
    {
      "id": "RAD006_4_RAD_Global_838",
      "label": "RAD_Global_838",
      "component": "RAD006",
      "tier": 4,
      "country": "China",
      "risk": "High",
      "blocklisted": "Yes"
    },
    {
      "id": "RAD006_5_RAD_Systems_398",
      "label": "RAD_Systems_398",
      "component": "RAD006",
      "tier": 5,
      "country": "UK",
      "risk": "Low",
      "blocklisted": "No"
    },
    {
      "id": "RAD006_5_RAD_Global_486",
      "label": "RAD_Global_486",
      "component": "RAD006",
      "tier": 5,
      "country": "Russia",
      "risk": "High",
      "blocklisted": "No"
    },
    {
      "id": "RAD006_5_RAD_Global_510",
      "label": "RAD_Global_510",
      "component": "RAD006",
      "tier": 5,
      "country": "Japan",
      "risk": "Medium",
      "blocklisted": "No"
    },
    {
      "id": "SAT007_1_SAT_Industries_707",
      "label": "SAT_Industries_707",
      "component": "SAT007",
      "tier": 1,
      "country": "India",
      "risk": "Low",
      "blocklisted": "No"
    },
    {
      "id": "SAT007_1_SAT_Global_689",
      "label": "SAT_Global_689",
      "component": "SAT007",
      "tier": 1,
      "country": "Israel",
      "risk": "Medium",
      "blocklisted": "No"
    },
    {
      "id": "SAT007_1_SAT_Solutions_406",
      "label": "SAT_Solutions_406",
      "component": "SAT007",
      "tier": 1,
      "country": "France",
      "risk": "Low",
      "blocklisted": "No"
    },
    {
      "id": "SAT007_2_SAT_Industries_651",
      "label": "SAT_Industries_651",
      "component": "SAT007",
      "tier": 2,
      "country": "Germany",
      "risk": "Low",
      "blocklisted": "No"
    },
    {
      "id": "SAT007_2_SAT_Solutions_553",
      "label": "SAT_Solutions_553",
      "component": "SAT007",
      "tier": 2,
      "country": "USA",
      "risk": "Low",
      "blocklisted": "No"
    },
    {
      "id": "SAT007_2_SAT_Industries_985",
      "label": "SAT_Industries_985",
      "component": "SAT007",
      "tier": 2,
      "country": "South Korea",
      "risk": "Medium",
      "blocklisted": "No"
    },
    {
      "id": "SAT007_3_SAT_Global_207",
      "label": "SAT_Global_207",
      "component": "SAT007",
      "tier": 3,
      "country": "South Korea",
      "risk": "Medium",
      "blocklisted": "No"
    },
    {
      "id": "SAT007_3_SAT_Global_802",
      "label": "SAT_Global_802",
      "component": "SAT007",
      "tier": 3,
      "country": "France",
      "risk": "Low",
      "blocklisted": "No"
    },
    {
      "id": "DRN008_1_DRN_Systems_606",
      "label": "DRN_Systems_606",
      "component": "DRN008",
      "tier": 1,
      "country": "UK",
      "risk": "Low",
      "blocklisted": "No"
    },
    {
      "id": "DRN008_1_DRN_Global_648",
      "label": "DRN_Global_648",
      "component": "DRN008",
      "tier": 1,
      "country": "South Korea",
      "risk": "Medium",
      "blocklisted": "No"
    },
    {
      "id": "DRN008_1_DRN_Tech_310",
      "label": "DRN_Tech_310",
      "component": "DRN008",
      "tier": 1,
      "country": "China",
      "risk": "High",
      "blocklisted": "Yes"
    },
    {
      "id": "DRN008_2_DRN_Systems_183",
      "label": "DRN_Systems_183",
      "component": "DRN008",
      "tier": 2,
      "country": "Japan",
      "risk": "Medium",
      "blocklisted": "No"
    },
    {
      "id": "DRN008_2_DRN_Global_640",
      "label": "DRN_Global_640",
      "component": "DRN008",
      "tier": 2,
      "country": "Russia",
      "risk": "High",
      "blocklisted": "No"
    },
    {
      "id": "DRN008_3_DRN_Global_542",
      "label": "DRN_Global_542",
      "component": "DRN008",
      "tier": 3,
      "country": "Germany",
      "risk": "Low",
      "blocklisted": "No"
    },
    {
      "id": "DRN008_3_DRN_Systems_808",
      "label": "DRN_Systems_808",
      "component": "DRN008",
      "tier": 3,
      "country": "Israel",
      "risk": "Medium",
      "blocklisted": "No"
    },
    {
      "id": "DRN008_3_DRN_Global_458",
      "label": "DRN_Global_458",
      "component": "DRN008",
      "tier": 3,
      "country": "South Korea",
      "risk": "Medium",
      "blocklisted": "No"
    },
    {
      "id": "INF009_1_INF_Global_903",
      "label": "INF_Global_903",
      "component": "INF009",
      "tier": 1,
      "country": "South Korea",
      "risk": "Medium",
      "blocklisted": "No"
    },
    {
      "id": "INF009_1_INF_Tech_589",
      "label": "INF_Tech_589",
      "component": "INF009",
      "tier": 1,
      "country": "Japan",
      "risk": "Medium",
      "blocklisted": "No"
    },
    {
      "id": "INF009_1_INF_Solutions_723",
      "label": "INF_Solutions_723",
      "component": "INF009",
      "tier": 1,
      "country": "Russia",
      "risk": "High",
      "blocklisted": "Yes"
    },
    {
      "id": "INF009_1_INF_Systems_762",
      "label": "INF_Systems_762",
      "component": "INF009",
      "tier": 1,
      "country": "Germany",
      "risk": "Low",
      "blocklisted": "No"
    },
    {
      "id": "INF009_2_INF_Solutions_466",
      "label": "INF_Solutions_466",
      "component": "INF009",
      "tier": 2,
      "country": "USA",
      "risk": "Low",
      "blocklisted": "No"
    },
    {
      "id": "INF009_2_INF_Solutions_325",
      "label": "INF_Solutions_325",
      "component": "INF009",
      "tier": 2,
      "country": "UK",
      "risk": "Low",
      "blocklisted": "No"
    },
    {
      "id": "INF009_2_INF_Systems_439",
      "label": "INF_Systems_439",
      "component": "INF009",
      "tier": 2,
      "country": "India",
      "risk": "Low",
      "blocklisted": "No"
    },
    {
      "id": "INF009_3_INF_Global_466",
      "label": "INF_Global_466",
      "component": "INF009",
      "tier": 3,
      "country": "India",
      "risk": "Low",
      "blocklisted": "No"
    },
    {
      "id": "INF009_3_INF_Tech_652",
      "label": "INF_Tech_652",
      "component": "INF009",
      "tier": 3,
      "country": "South Korea",
      "risk": "Medium",
      "blocklisted": "No"
    },
    {
      "id": "INF009_3_INF_Industries_162",
      "label": "INF_Industries_162",
      "component": "INF009",
      "tier": 3,
      "country": "India",
      "risk": "Low",
      "blocklisted": "No"
    },
    {
      "id": "INF009_4_INF_Solutions_912",
      "label": "INF_Solutions_912",
      "component": "INF009",
      "tier": 4,
      "country": "South Korea",
      "risk": "Medium",
      "blocklisted": "No"
    },
    {
      "id": "INF009_4_INF_Industries_269",
      "label": "INF_Industries_269",
      "component": "INF009",
      "tier": 4,
      "country": "China",
      "risk": "High",
      "blocklisted": "Yes"
    },
    {
      "id": "INF009_5_INF_Tech_981",
      "label": "INF_Tech_981",
      "component": "INF009",
      "tier": 5,
      "country": "China",
      "risk": "High",
      "blocklisted": "Yes"
    },
    {
      "id": "INF009_5_INF_Tech_263",
      "label": "INF_Tech_263",
      "component": "INF009",
      "tier": 5,
      "country": "Israel",
      "risk": "Medium",
      "blocklisted": "No"
    },
    {
      "id": "TRK010_1_TRK_Tech_717",
      "label": "TRK_Tech_717",
      "component": "TRK010",
      "tier": 1,
      "country": "India",
      "risk": "Low",
      "blocklisted": "No"
    },
    {
      "id": "TRK010_1_TRK_Tech_410",
      "label": "TRK_Tech_410",
      "component": "TRK010",
      "tier": 1,
      "country": "India",
      "risk": "Low",
      "blocklisted": "No"
    },
    {
      "id": "TRK010_1_TRK_Global_821",
      "label": "TRK_Global_821",
      "component": "TRK010",
      "tier": 1,
      "country": "Israel",
      "risk": "Medium",
      "blocklisted": "No"
    },
    {
      "id": "TRK010_2_TRK_Industries_244",
      "label": "TRK_Industries_244",
      "component": "TRK010",
      "tier": 2,
      "country": "China",
      "risk": "High",
      "blocklisted": "Yes"
    },
    {
      "id": "TRK010_2_TRK_Systems_549",
      "label": "TRK_Systems_549",
      "component": "TRK010",
      "tier": 2,
      "country": "India",
      "risk": "Low",
      "blocklisted": "No"
    },
    {
      "id": "TRK010_2_TRK_Tech_726",
      "label": "TRK_Tech_726",
      "component": "TRK010",
      "tier": 2,
      "country": "South Korea",
      "risk": "Medium",
      "blocklisted": "No"
    },
    {
      "id": "TRK010_3_TRK_Industries_225",
      "label": "TRK_Industries_225",
      "component": "TRK010",
      "tier": 3,
      "country": "UK",
      "risk": "Low",
      "blocklisted": "No"
    },
    {
      "id": "TRK010_3_TRK_Industries_445",
      "label": "TRK_Industries_445",
      "component": "TRK010",
      "tier": 3,
      "country": "South Korea",
      "risk": "Medium",
      "blocklisted": "No"
    },
    {
      "id": "TRK010_4_TRK_Systems_139",
      "label": "TRK_Systems_139",
      "component": "TRK010",
      "tier": 4,
      "country": "France",
      "risk": "Low",
      "blocklisted": "No"
    },
    {
      "id": "TRK010_4_TRK_Global_158",
      "label": "TRK_Global_158",
      "component": "TRK010",
      "tier": 4,
      "country": "USA",
      "risk": "Low",
      "blocklisted": "No"
    },
    {
      "id": "TRK010_4_TRK_Tech_643",
      "label": "TRK_Tech_643",
      "component": "TRK010",
      "tier": 4,
      "country": "France",
      "risk": "Low",
      "blocklisted": "No"
    },
    {
      "id": "TRK010_5_TRK_Industries_494",
      "label": "TRK_Industries_494",
      "component": "TRK010",
      "tier": 5,
      "country": "UK",
      "risk": "Low",
      "blocklisted": "No"
    },
    {
      "id": "TRK010_5_TRK_Solutions_386",
      "label": "TRK_Solutions_386",
      "component": "TRK010",
      "tier": 5,
      "country": "China",
      "risk": "High",
      "blocklisted": "No"
    },
    {
      "id": "ARM011_1_ARM_Global_381",
      "label": "ARM_Global_381",
      "component": "ARM011",
      "tier": 1,
      "country": "India",
      "risk": "Low",
      "blocklisted": "No"
    },
    {
      "id": "ARM011_1_ARM_Global_195",
      "label": "ARM_Global_195",
      "component": "ARM011",
      "tier": 1,
      "country": "South Korea",
      "risk": "Medium",
      "blocklisted": "No"
    },
    {
      "id": "ARM011_2_ARM_Industries_134",
      "label": "ARM_Industries_134",
      "component": "ARM011",
      "tier": 2,
      "country": "Israel",
      "risk": "Medium",
      "blocklisted": "No"
    },
    {
      "id": "ARM011_2_ARM_Systems_116",
      "label": "ARM_Systems_116",
      "component": "ARM011",
      "tier": 2,
      "country": "France",
      "risk": "Low",
      "blocklisted": "No"
    },
    {
      "id": "ARM011_2_ARM_Tech_647",
      "label": "ARM_Tech_647",
      "component": "ARM011",
      "tier": 2,
      "country": "UK",
      "risk": "Low",
      "blocklisted": "No"
    },
    {
      "id": "ARM011_2_ARM_Industries_407",
      "label": "ARM_Industries_407",
      "component": "ARM011",
      "tier": 2,
      "country": "UK",
      "risk": "Low",
      "blocklisted": "No"
    },
    {
      "id": "ARM011_3_ARM_Tech_922",
      "label": "ARM_Tech_922",
      "component": "ARM011",
      "tier": 3,
      "country": "China",
      "risk": "High",
      "blocklisted": "Yes"
    },
    {
      "id": "ARM011_3_ARM_Global_704",
      "label": "ARM_Global_704",
      "component": "ARM011",
      "tier": 3,
      "country": "Japan",
      "risk": "Medium",
      "blocklisted": "No"
    },
    {
      "id": "ARM011_3_ARM_Industries_595",
      "label": "ARM_Industries_595",
      "component": "ARM011",
      "tier": 3,
      "country": "South Korea",
      "risk": "Medium",
      "blocklisted": "No"
    },
    {
      "id": "ARM011_3_ARM_Solutions_604",
      "label": "ARM_Solutions_604",
      "component": "ARM011",
      "tier": 3,
      "country": "India",
      "risk": "Low",
      "blocklisted": "No"
    },
    {
      "id": "ARM011_4_ARM_Tech_420",
      "label": "ARM_Tech_420",
      "component": "ARM011",
      "tier": 4,
      "country": "China",
      "risk": "High",
      "blocklisted": "Yes"
    },
    {
      "id": "ARM011_4_ARM_Tech_635",
      "label": "ARM_Tech_635",
      "component": "ARM011",
      "tier": 4,
      "country": "Japan",
      "risk": "Medium",
      "blocklisted": "No"
    },
    {
      "id": "ARM011_5_ARM_Tech_142",
      "label": "ARM_Tech_142",
      "component": "ARM011",
      "tier": 5,
      "country": "China",
      "risk": "High",
      "blocklisted": "Yes"
    },
    {
      "id": "ARM011_5_ARM_Industries_270",
      "label": "ARM_Industries_270",
      "component": "ARM011",
      "tier": 5,
      "country": "South Korea",
      "risk": "Medium",
      "blocklisted": "No"
    },
    {
      "id": "ARM011_5_ARM_Industries_453",
      "label": "ARM_Industries_453",
      "component": "ARM011",
      "tier": 5,
      "country": "USA",
      "risk": "Low",
      "blocklisted": "No"
    },
    {
      "id": "PWR012_1_PWR_Industries_125",
      "label": "PWR_Industries_125",
      "component": "PWR012",
      "tier": 1,
      "country": "Russia",
      "risk": "High",
      "blocklisted": "No"
    },
    {
      "id": "PWR012_1_PWR_Global_224",
      "label": "PWR_Global_224",
      "component": "PWR012",
      "tier": 1,
      "country": "UK",
      "risk": "Low",
      "blocklisted": "No"
    },
    {
      "id": "PWR012_1_PWR_Industries_589",
      "label": "PWR_Industries_589",
      "component": "PWR012",
      "tier": 1,
      "country": "Germany",
      "risk": "Low",
      "blocklisted": "No"
    },
    {
      "id": "PWR012_2_PWR_Systems_664",
      "label": "PWR_Systems_664",
      "component": "PWR012",
      "tier": 2,
      "country": "China",
      "risk": "High",
      "blocklisted": "Yes"
    },
    {
      "id": "PWR012_2_PWR_Global_546",
      "label": "PWR_Global_546",
      "component": "PWR012",
      "tier": 2,
      "country": "Germany",
      "risk": "Low",
      "blocklisted": "No"
    },
    {
      "id": "PWR012_2_PWR_Tech_799",
      "label": "PWR_Tech_799",
      "component": "PWR012",
      "tier": 2,
      "country": "USA",
      "risk": "Low",
      "blocklisted": "No"
    },
    {
      "id": "PWR012_2_PWR_Global_765",
      "label": "PWR_Global_765",
      "component": "PWR012",
      "tier": 2,
      "country": "India",
      "risk": "Low",
      "blocklisted": "No"
    },
    {
      "id": "PWR012_3_PWR_Global_508",
      "label": "PWR_Global_508",
      "component": "PWR012",
      "tier": 3,
      "country": "China",
      "risk": "High",
      "blocklisted": "Yes"
    },
    {
      "id": "PWR012_3_PWR_Systems_311",
      "label": "PWR_Systems_311",
      "component": "PWR012",
      "tier": 3,
      "country": "France",
      "risk": "Low",
      "blocklisted": "No"
    },
    {
      "id": "PWR012_3_PWR_Global_118",
      "label": "PWR_Global_118",
      "component": "PWR012",
      "tier": 3,
      "country": "Russia",
      "risk": "High",
      "blocklisted": "Yes"
    },
    {
      "id": "PWR012_4_PWR_Global_259",
      "label": "PWR_Global_259",
      "component": "PWR012",
      "tier": 4,
      "country": "UK",
      "risk": "Low",
      "blocklisted": "No"
    },
    {
      "id": "PWR012_4_PWR_Industries_944",
      "label": "PWR_Industries_944",
      "component": "PWR012",
      "tier": 4,
      "country": "Israel",
      "risk": "Medium",
      "blocklisted": "No"
    },
    {
      "id": "PWR012_4_PWR_Global_161",
      "label": "PWR_Global_161",
      "component": "PWR012",
      "tier": 4,
      "country": "Israel",
      "risk": "Medium",
      "blocklisted": "No"
    },
    {
      "id": "PWR012_5_PWR_Industries_544",
      "label": "PWR_Industries_544",
      "component": "PWR012",
      "tier": 5,
      "country": "India",
      "risk": "Low",
      "blocklisted": "No"
    },
    {
      "id": "PWR012_5_PWR_Tech_324",
      "label": "PWR_Tech_324",
      "component": "PWR012",
      "tier": 5,
      "country": "France",
      "risk": "Low",
      "blocklisted": "No"
    },
    {
      "id": "PWR012_5_PWR_Solutions_275",
      "label": "PWR_Solutions_275",
      "component": "PWR012",
      "tier": 5,
      "country": "China",
      "risk": "High",
      "blocklisted": "No"
    },
    {
      "id": "NVT013_1_NVT_Global_142",
      "label": "NVT_Global_142",
      "component": "NVT013",
      "tier": 1,
      "country": "China",
      "risk": "High",
      "blocklisted": "No"
    },
    {
      "id": "NVT013_1_NVT_Tech_103",
      "label": "NVT_Tech_103",
      "component": "NVT013",
      "tier": 1,
      "country": "Russia",
      "risk": "High",
      "blocklisted": "Yes"
    },
    {
      "id": "NVT013_2_NVT_Tech_507",
      "label": "NVT_Tech_507",
      "component": "NVT013",
      "tier": 2,
      "country": "Russia",
      "risk": "High",
      "blocklisted": "Yes"
    },
    {
      "id": "NVT013_2_NVT_Solutions_191",
      "label": "NVT_Solutions_191",
      "component": "NVT013",
      "tier": 2,
      "country": "Israel",
      "risk": "Medium",
      "blocklisted": "No"
    },
    {
      "id": "NVT013_3_NVT_Systems_883",
      "label": "NVT_Systems_883",
      "component": "NVT013",
      "tier": 3,
      "country": "USA",
      "risk": "Low",
      "blocklisted": "No"
    },
    {
      "id": "NVT013_3_NVT_Tech_532",
      "label": "NVT_Tech_532",
      "component": "NVT013",
      "tier": 3,
      "country": "Germany",
      "risk": "Low",
      "blocklisted": "No"
    },
    {
      "id": "NVT013_4_NVT_Systems_732",
      "label": "NVT_Systems_732",
      "component": "NVT013",
      "tier": 4,
      "country": "India",
      "risk": "Low",
      "blocklisted": "No"
    },
    {
      "id": "NVT013_4_NVT_Industries_422",
      "label": "NVT_Industries_422",
      "component": "NVT013",
      "tier": 4,
      "country": "South Korea",
      "risk": "Medium",
      "blocklisted": "No"
    },
    {
      "id": "NVT013_4_NVT_Global_121",
      "label": "NVT_Global_121",
      "component": "NVT013",
      "tier": 4,
      "country": "India",
      "risk": "Low",
      "blocklisted": "No"
    },
    {
      "id": "NVT013_4_NVT_Systems_280",
      "label": "NVT_Systems_280",
      "component": "NVT013",
      "tier": 4,
      "country": "Israel",
      "risk": "Medium",
      "blocklisted": "No"
    },
    {
      "id": "CBR014_1_CBR_Industries_371",
      "label": "CBR_Industries_371",
      "component": "CBR014",
      "tier": 1,
      "country": "Israel",
      "risk": "Medium",
      "blocklisted": "No"
    },
    {
      "id": "CBR014_1_CBR_Tech_312",
      "label": "CBR_Tech_312",
      "component": "CBR014",
      "tier": 1,
      "country": "Germany",
      "risk": "Low",
      "blocklisted": "No"
    },
    {
      "id": "CBR014_1_CBR_Global_733",
      "label": "CBR_Global_733",
      "component": "CBR014",
      "tier": 1,
      "country": "China",
      "risk": "High",
      "blocklisted": "Yes"
    },
    {
      "id": "CBR014_2_CBR_Tech_190",
      "label": "CBR_Tech_190",
      "component": "CBR014",
      "tier": 2,
      "country": "Israel",
      "risk": "Medium",
      "blocklisted": "No"
    },
    {
      "id": "CBR014_2_CBR_Industries_960",
      "label": "CBR_Industries_960",
      "component": "CBR014",
      "tier": 2,
      "country": "Russia",
      "risk": "High",
      "blocklisted": "No"
    },
    {
      "id": "CBR014_2_CBR_Tech_282",
      "label": "CBR_Tech_282",
      "component": "CBR014",
      "tier": 2,
      "country": "China",
      "risk": "High",
      "blocklisted": "No"
    },
    {
      "id": "CBR014_3_CBR_Systems_892",
      "label": "CBR_Systems_892",
      "component": "CBR014",
      "tier": 3,
      "country": "China",
      "risk": "High",
      "blocklisted": "Yes"
    },
    {
      "id": "CBR014_3_CBR_Industries_172",
      "label": "CBR_Industries_172",
      "component": "CBR014",
      "tier": 3,
      "country": "France",
      "risk": "Low",
      "blocklisted": "No"
    },
    {
      "id": "CBR014_3_CBR_Industries_864",
      "label": "CBR_Industries_864",
      "component": "CBR014",
      "tier": 3,
      "country": "Israel",
      "risk": "Medium",
      "blocklisted": "No"
    },
    {
      "id": "CBR014_4_CBR_Solutions_643",
      "label": "CBR_Solutions_643",
      "component": "CBR014",
      "tier": 4,
      "country": "France",
      "risk": "Low",
      "blocklisted": "No"
    },
    {
      "id": "CBR014_4_CBR_Tech_143",
      "label": "CBR_Tech_143",
      "component": "CBR014",
      "tier": 4,
      "country": "India",
      "risk": "Low",
      "blocklisted": "No"
    },
    {
      "id": "CBR014_4_CBR_Systems_862",
      "label": "CBR_Systems_862",
      "component": "CBR014",
      "tier": 4,
      "country": "Germany",
      "risk": "Low",
      "blocklisted": "No"
    },
    {
      "id": "SIG015_1_SIG_Systems_257",
      "label": "SIG_Systems_257",
      "component": "SIG015",
      "tier": 1,
      "country": "India",
      "risk": "Low",
      "blocklisted": "No"
    },
    {
      "id": "SIG015_1_SIG_Industries_283",
      "label": "SIG_Industries_283",
      "component": "SIG015",
      "tier": 1,
      "country": "Russia",
      "risk": "High",
      "blocklisted": "No"
    },
    {
      "id": "SIG015_2_SIG_Global_194",
      "label": "SIG_Global_194",
      "component": "SIG015",
      "tier": 2,
      "country": "China",
      "risk": "High",
      "blocklisted": "Yes"
    },
    {
      "id": "SIG015_2_SIG_Industries_948",
      "label": "SIG_Industries_948",
      "component": "SIG015",
      "tier": 2,
      "country": "Israel",
      "risk": "Medium",
      "blocklisted": "No"
    },
    {
      "id": "SIG015_3_SIG_Global_880",
      "label": "SIG_Global_880",
      "component": "SIG015",
      "tier": 3,
      "country": "Russia",
      "risk": "High",
      "blocklisted": "No"
    },
    {
      "id": "SIG015_3_SIG_Tech_103",
      "label": "SIG_Tech_103",
      "component": "SIG015",
      "tier": 3,
      "country": "USA",
      "risk": "Low",
      "blocklisted": "No"
    },
    {
      "id": "SIG015_4_SIG_Tech_172",
      "label": "SIG_Tech_172",
      "component": "SIG015",
      "tier": 4,
      "country": "Russia",
      "risk": "High",
      "blocklisted": "Yes"
    },
    {
      "id": "SIG015_4_SIG_Industries_375",
      "label": "SIG_Industries_375",
      "component": "SIG015",
      "tier": 4,
      "country": "India",
      "risk": "Low",
      "blocklisted": "No"
    },
    {
      "id": "SIG015_4_SIG_Solutions_783",
      "label": "SIG_Solutions_783",
      "component": "SIG015",
      "tier": 4,
      "country": "India",
      "risk": "Low",
      "blocklisted": "No"
    },
    {
      "id": "SIG015_4_SIG_Solutions_917",
      "label": "SIG_Solutions_917",
      "component": "SIG015",
      "tier": 4,
      "country": "China",
      "risk": "High",
      "blocklisted": "No"
    }
  ],
  "edges": []
}