Route_ID,Source,Destination,Distance_km,Terrain,Weather,Enemy_Threat_Score,Avg_Delay_hrs,Blockage_Status,Risk_Level,Cluster,Anomaly
R0001,Base_B,Base_A,132,Desert,Rainy,0.23,5.68,Partially Blocked,Medium,0,0
R0002,Depot_2,Depot_1,101,Plain,Clear,0.55,3.07,Partially Blocked,Medium,0,0
R0003,Port_Alpha,Base_A,730,Plain,Clear,0.04,12.9,Open,Low,0,0
R0004,Depot_2,HQ_Zulu,244,Urban,Clear,1.0,11.18,Fully Blocked,High,0,0
R0005,HQ_Zulu,Depot_2,360,Urban,Storm,0.0,13.2,Fully Blocked,Low,0,0
R0006,Depot_2,Port_Beta,901,Urban,Snow,0.25,31.8,Partially Blocked,Low,0,0
R0007,Base_A,Depot_1,693,Forest,Snow,0.26,29.22,Partially Blocked,Medium,0,0
R0008,Field_Camp_X,Depot_1,373,Hill,Snow,0.45,21.87,Partially Blocked,Medium,0,0
R0009,Base_B,HQ_Zulu,521,Forest,Clear,0.41,18.23,Open,Medium,0,0
R0010,Field_Camp_Y,HQ_Zulu,540,Urban,Snow,0.27,19.47,Partially Blocked,Low,0,0
R0011,Base_A,Port_Beta,711,Urban,Clear,0.32,19.29,Open,Low,0,0
R0012,Port_Alpha,Base_B,987,Urban,Snow,0.35,38.63,Partially Blocked,Medium,0,0
R0013,Field_Camp_Y,Depot_2,592,Plain,Clear,0.44,16.38,Open,Low,0,0
R0014,Depot_2,Field_Camp_X,534,Plain,Rainy,0.39,16.93,Partially Blocked,Medium,0,0
R0015,Base_B,Port_Alpha,160,Desert,Storm,0.53,15.32,Fully Blocked,Medium,0,0
R0016,Field_Camp_Y,Depot_1,870,Desert,Snow,0.65,64.15,Partially Blocked,High,0,0
R0017,Depot_2,Field_Camp_X,196,Plain,Rainy,0.0,3.92,Partially Blocked,Low,0,0
R0018,HQ_Zulu,Depot_2,375,Hill,Storm,0.74,39.56,Fully Blocked,High,0,0
R0019,Port_Alpha,Field_Camp_X,594,Urban,Rainy,0.18,16.6,Partially Blocked,Low,0,0
R0020,Field_Camp_Y,Base_A,985,Hill,Clear,0.17,30.9,Open,Low,0,0
R0021,Field_Camp_Y,Port_Alpha,484,Desert,Clear,0.74,27.23,Partially Blocked,High,0,0
R0022,Depot_2,Field_Camp_Y,64,Hill,Storm,0.51,5.65,Fully Blocked,Medium,0,0
R0023,Port_Alpha,Port_Beta,235,Hill,Snow,0.04,8.72,Partially Blocked,Medium,0,0
R0024,Depot_1,Depot_2,417,Urban,Snow,0.28,15.2,Partially Blocked,Low,0,0
R0025,Port_Alpha,HQ_Zulu,31,Desert,Rainy,0.0,0.99,Partially Blocked,Medium,0,0
R0026,Depot_1,Port_Beta,801,Plain,Clear,0.29,19.16,Open,Low,0,0
R0027,Base_B,Depot_1,851,Hill,Storm,0.0,42.55,Fully Blocked,Medium,0,0
R0028,Base_B,Port_Alpha,299,Forest,Storm,0.09,14.71,Fully Blocked,Medium,0,0
R0029,HQ_Zulu,Field_Camp_X,892,Urban,Clear,0.1,18.81,Open,Low,0,0
R0030,Base_B,Field_Camp_X,367,Desert,Clear,0.0,9.79,Open,Low,0,0
R0031,Field_Camp_X,Port_Alpha,908,Hill,Storm,0.26,63.11,Fully Blocked,Medium,0,0
R0032,Base_A,Field_Camp_X,793,Urban,Rainy,0.72,36.29,Partially Blocked,Medium,0,0
R0033,HQ_Zulu,Base_B,217,Desert,Rainy,0.06,7.57,Partially Blocked,Medium,0,0
R0034,Depot_1,Field_Camp_Y,44,Hill,Clear,0.44,1.83,Open,Medium,0,0
R0035,Field_Camp_Y,Port_Beta,842,Plain,Clear,0.2,18.24,Open,Low,0,0
R0036,Field_Camp_Y,Field_Camp_X,501,Hill,Clear,0.58,23.42,Partially Blocked,Medium,0,0
R0037,Depot_2,Base_B,92,Plain,Storm,0.57,5.69,Fully Blocked,Medium,0,0
R0038,Base_B,Depot_1,704,Hill,Storm,0.67,70.58,Fully Blocked,High,0,0
R0039,HQ_Zulu,Depot_1,448,Desert,Storm,0.15,29.27,Fully Blocked,Medium,0,0
R0040,Depot_2,HQ_Zulu,164,Desert,Storm,0.31,12.81,Fully Blocked,Medium,0,0
R0041,Field_Camp_Y,Port_Beta,230,Urban,Storm,0.0,8.43,Fully Blocked,Low,0,0
R0042,Base_B,Depot_2,77,Hill,Clear,0.73,4.03,Partially Blocked,High,0,0
R0043,Field_Camp_Y,Base_A,532,Urban,Rainy,0.07,12.93,Partially Blocked,Low,0,0
R0044,Depot_2,Base_A,128,Plain,Clear,0.04,2.26,Open,Low,0,0
R0045,Depot_2,Base_B,713,Plain,Snow,0.65,32.86,Partially Blocked,Medium,0,0
R0046,Base_B,Depot_2,990,Desert,Storm,0.49,91.61,Fully Blocked,Medium,0,0
R0047,Depot_2,Depot_1,768,Urban,Storm,0.51,49.7,Fully Blocked,Medium,0,0
R0048,Depot_2,Port_Beta,798,Forest,Rainy,0.21,27.28,Partially Blocked,Medium,0,0
R0049,Base_B,HQ_Zulu,34,Forest,Snow,0.85,2.35,Fully Blocked,High,0,0
R0050,Port_Alpha,HQ_Zulu,900,Forest,Clear,0.5,34.12,Open,Medium,0,0
R0051,Base_B,Base_A,824,Forest,Snow,0.0,24.99,Partially Blocked,Medium,0,0
R0052,Base_B,Depot_2,583,Hill,Rainy,0.65,34.54,Partially Blocked,High,0,0
R0053,HQ_Zulu,Port_Beta,921,Hill,Storm,0.0,46.05,Fully Blocked,Medium,0,0
R0054,Depot_1,Field_Camp_X,125,Forest,Rainy,0.71,6.71,Partially Blocked,High,0,0
R0055,Base_B,Port_Beta,929,Urban,Clear,0.33,25.46,Open,Low,0,0
R0056,Base_A,HQ_Zulu,778,Plain,Rainy,0.51,27.46,Partially Blocked,Medium,0,0
R0057,Depot_1,Port_Alpha,684,Forest,Storm,0.16,36.75,Fully Blocked,Medium,0,0
R0058,Depot_2,Port_Alpha,189,Plain,Rainy,0.62,7.3,Partially Blocked,Medium,0,0
R0059,Port_Alpha,Base_A,868,Forest,Snow,0.16,32.65,Partially Blocked,Medium,0,0
R0060,Port_Beta,Field_Camp_X,607,Forest,Storm,0.25,36.17,Fully Blocked,Medium,0,0
R0061,Depot_1,Depot_2,711,Desert,Rainy,0.55,41.52,Partially Blocked,Medium,0,0
R0062,Base_A,HQ_Zulu,675,Desert,Clear,0.75,38.25,Partially Blocked,High,0,0
R0063,Base_A,Port_Beta,825,Urban,Rainy,0.24,24.68,Partially Blocked,Low,0,0
R0064,Base_A,Base_B,827,Hill,Clear,0.55,37.73,Partially Blocked,Medium,0,0
R0065,Base_B,Depot_2,987,Forest,Clear,0.81,47.37,Fully Blocked,High,0,0
R0066,Depot_2,Base_A,377,Urban,Clear,0.45,11.58,Open,Low,0,0
R0067,Port_Alpha,Field_Camp_Y,502,Desert,Rainy,0.19,20.64,Partially Blocked,Medium,0,0
R0068,Field_Camp_Y,Depot_2,406,Desert,Storm,0.3,31.4,Fully Blocked,Medium,0,0
R0069,Depot_1,Field_Camp_X,312,Forest,Snow,0.78,20.54,Partially Blocked,High,0,0
R0070,Base_B,Base_A,774,Forest,Clear,0.31,24.57,Open,Low,0,0
R0071,Base_B,Depot_2,288,Urban,Snow,0.4,11.83,Partially Blocked,Medium,0,0
R0072,Depot_1,Field_Camp_Y,678,Plain,Rainy,0.33,20.27,Partially Blocked,Low,0,0
R0073,Field_Camp_Y,Field_Camp_X,347,Hill,Storm,0.28,24.64,Fully Blocked,Medium,0,0
R0074,HQ_Zulu,Field_Camp_X,713,Urban,Clear,0.31,19.15,Open,Low,0,0
R0075,HQ_Zulu,Field_Camp_X,693,Plain,Rainy,0.35,21.14,Partially Blocked,Medium,0,0
R0076,Field_Camp_X,Base_B,637,Plain,Rainy,0.52,22.68,Partially Blocked,Medium,0,0
R0077,Field_Camp_X,HQ_Zulu,501,Urban,Rainy,0.12,13.01,Partially Blocked,Low,0,0
R0078,Field_Camp_Y,Depot_2,526,Desert,Storm,0.82,62.56,Fully Blocked,High,0,0
R0079,Field_Camp_X,Base_A,471,Plain,Storm,0.0,15.7,Fully Blocked,Low,0,0
R0080,Field_Camp_X,Base_A,654,Plain,Snow,0.39,24.19,Partially Blocked,Medium,0,0
R0081,Depot_1,Field_Camp_X,981,Hill,Storm,0.43,80.69,Fully Blocked,Medium,0,0
R0082,HQ_Zulu,Port_Alpha,671,Urban,Clear,0.27,17.28,Open,Low,0,0
R0083,Base_B,HQ_Zulu,249,Hill,Clear,0.34,9.4,Open,Medium,0,0
R0084,Field_Camp_Y,Depot_1,159,Forest,Rainy,0.49,7.17,Partially Blocked,Medium,0,0
R0085,Base_A,Field_Camp_X,82,Desert,Clear,0.5,3.83,Open,Medium,0,0
R0086,Field_Camp_Y,Depot_2,445,Hill,Clear,0.4,17.8,Open,Medium,0,0
R0087,Field_Camp_Y,Port_Alpha,276,Urban,Rainy,0.74,12.81,Partially Blocked,Medium,0,0
R0088,Depot_2,Depot_1,152,Hill,Storm,0.63,14.78,Fully Blocked,High,0,0
R0089,Base_A,Depot_1,430,Desert,Storm,0.16,28.44,Fully Blocked,Medium,0,0
R0090,Depot_2,Field_Camp_X,913,Hill,Clear,0.82,50.9,Fully Blocked,High,0,0
R0091,Port_Alpha,Base_A,639,Forest,Rainy,0.58,31.07,Partially Blocked,Medium,0,0
R0092,Depot_2,Port_Beta,781,Desert,Snow,1.0,72.89,Fully Blocked,High,0,0
R0093,Depot_2,HQ_Zulu,173,Plain,Rainy,0.25,4.76,Partially Blocked,Low,0,0
R0094,Port_Alpha,Field_Camp_Y,355,Desert,Clear,0.68,19.12,Partially Blocked,High,0,0
R0095,Field_Camp_X,Field_Camp_Y,493,Urban,Storm,0.43,29.74,Fully Blocked,Medium,0,0
R0096,HQ_Zulu,Field_Camp_Y,984,Plain,Clear,0.25,22.55,Open,Low,0,0
R0097,Field_Camp_X,Depot_1,961,Urban,Snow,0.4,39.47,Partially Blocked,Medium,0,0
R0098,Base_A,Base_B,176,Urban,Storm,0.29,9.26,Fully Blocked,Low,0,0
R0099,Field_Camp_Y,HQ_Zulu,177,Forest,Clear,0.08,4.3,Open,Low,0,0
R0100,Port_Alpha,Depot_2,958,Desert,Clear,0.54,46.24,Partially Blocked,Medium,0,0
R0101,Port_Alpha,Base_A,965,Urban,Rainy,0.59,40.02,Partially Blocked,Medium,0,0
R0102,Field_Camp_Y,Port_Alpha,670,Plain,Snow,0.35,23.84,Partially Blocked,Medium,0,0
R0103,Field_Camp_Y,Base_B,808,Desert,Snow,0.17,37.86,Partially Blocked,Medium,0,0
R0104,Port_Alpha,Field_Camp_Y,180,Forest,Snow,0.3,7.92,Partially Blocked,Medium,0,0
R0105,HQ_Zulu,Depot_1,444,Hill,Storm,0.29,31.86,Fully Blocked,Medium,0,0
R0106,Port_Alpha,Depot_1,793,Urban,Snow,0.57,37.76,Partially Blocked,Medium,0,0
R0107,Port_Alpha,Base_A,173,Desert,Snow,0.47,11.01,Partially Blocked,Medium,0,0
R0108,Depot_2,Port_Alpha,601,Urban,Snow,0.79,33.71,Partially Blocked,Medium,0,0
R0109,Port_Beta,HQ_Zulu,910,Forest,Rainy,0.3,34.31,Partially Blocked,Medium,0,0
R0110,HQ_Zulu,Port_Beta,681,Hill,Clear,0.34,25.71,Open,Medium,0,0
R0111,Field_Camp_X,Field_Camp_Y,482,Plain,Rainy,0.48,16.58,Partially Blocked,Medium,0,0
R0112,Field_Camp_X,Depot_2,38,Hill,Rainy,0.63,2.22,Partially Blocked,High,0,0
R0113,Base_A,HQ_Zulu,262,Hill,Storm,0.79,28.62,Fully Blocked,High,0,0
R0114,Base_B,Port_Beta,160,Forest,Rainy,0.14,5.03,Partially Blocked,Medium,0,0
R0115,Port_Alpha,Port_Beta,433,Forest,Rainy,0.48,19.36,Partially Blocked,Medium,0,0
R0116,Depot_1,Base_A,949,Plain,Storm,0.5,55.36,Fully Blocked,Medium,0,0
R0117,Depot_2,Depot_1,657,Urban,Storm,0.47,41.07,Fully Blocked,Medium,0,0
R0118,Base_A,Depot_2,256,Plain,Storm,0.65,16.85,Fully Blocked,Medium,0,0
R0119,Depot_1,Port_Beta,141,Urban,Snow,0.49,6.28,Partially Blocked,Medium,0,0
R0120,Port_Beta,Port_Alpha,890,Urban,Storm,0.19,41.93,Fully Blocked,Low,0,0
R0121,Depot_1,Port_Beta,943,Forest,Snow,0.45,47.91,Partially Blocked,Medium,0,0
R0122,Depot_2,Field_Camp_X,851,Urban,Storm,0.03,32.61,Fully Blocked,Low,0,0
R0123,Depot_2,Field_Camp_X,192,Forest,Clear,0.04,4.41,Open,Low,0,0
R0124,Field_Camp_X,Depot_2,190,Desert,Snow,0.6,13.48,Partially Blocked,High,0,0
R0125,Field_Camp_Y,Base_B,609,Hill,Rainy,0.17,22.93,Partially Blocked,Medium,0,0
R0126,Depot_2,Port_Alpha,945,Hill,Rainy,0.06,30.9,Partially Blocked,Medium,0,0
R0127,Base_B,Port_Alpha,533,Forest,Snow,0.69,32.9,Partially Blocked,High,0,0
R0128,HQ_Zulu,Port_Beta,430,Forest,Clear,0.52,16.58,Partially Blocked,Medium,0,0
R0129,Depot_2,Port_Alpha,669,Forest,Clear,0.14,17.54,Open,Low,0,0
R0130,Port_Alpha,Port_Beta,912,Plain,Snow,0.44,35.32,Partially Blocked,Medium,0,0
R0131,Field_Camp_X,Port_Alpha,499,Forest,Rainy,0.13,15.5,Partially Blocked,Medium,0,0
R0132,Port_Beta,Depot_2,67,Desert,Storm,0.16,4.43,Fully Blocked,Medium,0,0
R0133,Port_Beta,Base_A,259,Forest,Snow,0.66,15.63,Partially Blocked,High,0,0
R0134,Port_Alpha,Depot_1,312,Forest,Rainy,0.33,12.13,Partially Blocked,Medium,0,0
R0135,HQ_Zulu,Base_A,56,Forest,Clear,0.4,1.94,Open,Medium,0,0
R0136,Base_B,Port_Alpha,313,Hill,Storm,0.84,35.37,Fully Blocked,High,0,0
R0137,Depot_1,Base_A,908,Desert,Storm,0.0,48.43,Fully Blocked,Medium,0,0
R0138,Field_Camp_Y,Depot_2,858,Forest,Snow,0.39,41.25,Partially Blocked,Medium,0,0
R0139,Field_Camp_Y,Port_Alpha,845,Desert,Storm,0.08,50.47,Fully Blocked,Medium,0,0
R0140,Field_Camp_X,Base_B,249,Forest,Clear,0.54,9.76,Partially Blocked,Medium,0,0
R0141,HQ_Zulu,Base_A,187,Desert,Rainy,0.36,9.22,Partially Blocked,Medium,0,0
R0142,Base_B,Base_A,210,Plain,Rainy,0.62,8.11,Partially Blocked,Medium,0,0
R0143,Depot_2,Base_A,636,Urban,Rainy,0.15,17.14,Partially Blocked,Low,0,0
R0144,Depot_2,Depot_1,190,Forest,Clear,0.0,4.12,Open,Low,0,0
R0145,Depot_2,Port_Beta,285,Desert,Snow,0.0,10.64,Partially Blocked,Medium,0,0
R0146,Depot_1,Base_B,764,Hill,Snow,0.32,39.58,Partially Blocked,Medium,0,0
R0147,Base_B,Base_A,595,Desert,Storm,0.59,59.82,Fully Blocked,High,0,0
R0148,Port_Alpha,Depot_2,821,Plain,Rainy,0.93,39.33,Fully Blocked,High,0,0
R0149,Base_B,Field_Camp_X,655,Urban,Clear,0.42,19.57,Open,Low,0,0
R0150,Base_A,Field_Camp_Y,415,Urban,Storm,0.06,16.59,Fully Blocked,Low,0,0
R0151,Field_Camp_Y,Base_B,814,Urban,Snow,0.53,37.5,Partially Blocked,Medium,0,0
R0152,Base_A,Port_Alpha,711,Forest,Clear,0.93,36.89,Fully Blocked,High,0,0
R0153,Port_Alpha,Field_Camp_Y,788,Forest,Rainy,0.0,20.49,Partially Blocked,Medium,0,0
R0154,Port_Alpha,Depot_1,437,Urban,Snow,0.25,15.42,Partially Blocked,Low,0,0
R0155,HQ_Zulu,Port_Beta,554,Forest,Storm,0.05,25.81,Fully Blocked,Medium,0,0
R0156,Field_Camp_X,Field_Camp_Y,805,Hill,Clear,0.55,36.73,Partially Blocked,Medium,0,0
R0157,Field_Camp_X,Port_Beta,541,Hill,Storm,0.23,36.38,Fully Blocked,Medium,0,0
R0158,Port_Alpha,Field_Camp_Y,912,Plain,Storm,0.36,46.82,Fully Blocked,Medium,0,0
R0159,Field_Camp_Y,Depot_1,500,Forest,Rainy,0.42,21.19,Partially Blocked,Medium,0,0
R0160,Field_Camp_Y,Field_Camp_X,829,Desert,Snow,0.28,43.95,Partially Blocked,Medium,0,0
R0161,Field_Camp_X,Base_A,756,Urban,Rainy,0.04,17.63,Partially Blocked,Low,0,0
R0162,Base_B,Depot_2,727,Forest,Storm,0.76,67.42,Fully Blocked,High,0,0
R0163,HQ_Zulu,Depot_2,604,Forest,Storm,0.28,37.17,Fully Blocked,Medium,0,0
R0164,Port_Beta,Base_A,711,Plain,Snow,0.58,31.02,Partially Blocked,Medium,0,0
R0165,Depot_2,Port_Alpha,867,Hill,Snow,0.51,53.56,Partially Blocked,Medium,0,0
R0166,Field_Camp_Y,Port_Beta,642,Urban,Snow,0.0,16.48,Partially Blocked,Low,0,0
R0167,Port_Alpha,Field_Camp_Y,293,Desert,Storm,0.19,20.08,Fully Blocked,Medium,0,0
R0168,Field_Camp_X,HQ_Zulu,34,Desert,Rainy,0.6,2.07,Partially Blocked,High,0,0
R0169,Base_B,Depot_2,132,Desert,Clear,1.0,8.8,Fully Blocked,High,0,0
R0170,HQ_Zulu,Depot_1,852,Hill,Rainy,0.95,61.98,Fully Blocked,High,0,0
R0171,Port_Beta,Field_Camp_X,965,Urban,Snow,0.0,24.77,Partially Blocked,Low,0,0
R0172,Base_B,Depot_2,686,Desert,Rainy,0.46,37.1,Partially Blocked,Medium,0,0
R0173,Field_Camp_Y,Depot_1,149,Desert,Clear,0.27,5.58,Open,Low,0,0
R0174,HQ_Zulu,Depot_1,980,Desert,Clear,0.0,26.13,Open,Low,0,0
R0175,Base_A,Field_Camp_X,375,Hill,Storm,0.55,34.22,Fully Blocked,Medium,0,0
R0176,Base_B,Base_A,670,Urban,Snow,0.66,34.22,Partially Blocked,Medium,0,0
R0177,Port_Beta,HQ_Zulu,87,Forest,Snow,0.37,4.1,Partially Blocked,Medium,0,0
R0178,Depot_1,Base_A,125,Desert,Storm,0.65,13.17,Fully Blocked,High,0,0
R0179,Base_B,HQ_Zulu,667,Forest,Storm,0.46,48.85,Fully Blocked,Medium,0,0
R0180,Base_B,Base_A,218,Hill,Rainy,0.57,12.13,Partially Blocked,Medium,0,0
R0181,Field_Camp_X,Base_B,733,Hill,Clear,1.0,45.81,Fully Blocked,High,0,0
R0182,HQ_Zulu,Port_Alpha,276,Urban,Rainy,0.71,12.54,Partially Blocked,Medium,0,0
R0183,HQ_Zulu,Port_Alpha,992,Forest,Storm,0.18,54.59,Fully Blocked,Medium,0,0
R0184,Field_Camp_X,Port_Alpha,115,Desert,Clear,0.02,3.16,Open,Low,0,0
R0185,Base_B,Depot_2,726,Hill,Snow,0.2,33.03,Partially Blocked,Medium,0,0
R0186,Base_B,Depot_1,76,Hill,Rainy,0.32,3.37,Partially Blocked,Medium,0,0
R0187,HQ_Zulu,Base_B,123,Hill,Clear,0.53,5.52,Partially Blocked,Medium,0,0
R0188,Port_Alpha,Port_Beta,233,Urban,Storm,0.63,16.62,Fully Blocked,Medium,0,0
R0189,Field_Camp_X,Base_A,941,Hill,Snow,0.39,52.2,Partially Blocked,Medium,0,0
R0190,Field_Camp_X,Port_Beta,580,Plain,Rainy,0.12,13.69,Partially Blocked,Low,0,0
R0191,Field_Camp_X,Depot_2,641,Forest,Clear,0.32,20.55,Open,Low,0,0
R0192,HQ_Zulu,Depot_2,52,Hill,Snow,0.03,1.9,Partially Blocked,Medium,0,0
R0193,Depot_1,Base_B,791,Plain,Rainy,0.86,36.23,Fully Blocked,Medium,0,0
R0194,Field_Camp_X,HQ_Zulu,831,Forest,Clear,0.8,39.61,Partially Blocked,High,0,0
R0195,Port_Beta,Field_Camp_X,209,Forest,Snow,0.83,14.23,Fully Blocked,High,0,0
R0196,HQ_Zulu,Port_Beta,471,Forest,Clear,0.0,10.2,Open,Low,0,0
R0197,Base_A,Port_Alpha,637,Desert,Snow,0.52,42.33,Partially Blocked,Medium,0,0
R0198,Base_A,Base_B,545,Hill,Clear,0.67,27.32,Partially Blocked,High,0,0
R0199,Field_Camp_X,Base_A,45,Hill,Storm,0.46,3.8,Fully Blocked,Medium,0,0
R0200,HQ_Zulu,Port_Beta,526,Desert,Rainy,0.22,22.39,Partially Blocked,Medium,0,0
R0201,Port_Alpha,Port_Beta,925,Plain,Storm,0.75,65.52,Fully Blocked,Medium,0,0
R0202,Field_Camp_Y,Port_Alpha,937,Desert,Snow,0.56,64.37,Partially Blocked,Medium,0,0
R0203,Base_B,Depot_1,719,Desert,Storm,0.09,43.52,Fully Blocked,Medium,0,0
R0204,Port_Beta,Field_Camp_X,986,Forest,Clear,0.46,36.1,Open,Medium,0,0
R0205,Port_Beta,Base_B,720,Desert,Snow,0.53,48.25,Partially Blocked,Medium,0,0
R0206,Field_Camp_Y,Base_B,606,Forest,Clear,0.74,27.7,Partially Blocked,High,0,0
R0207,HQ_Zulu,Port_Beta,446,Forest,Clear,0.06,10.53,Open,Low,0,0
R0208,Depot_2,Field_Camp_Y,314,Urban,Storm,0.58,21.53,Fully Blocked,Medium,0,0
R0209,Port_Beta,Base_A,426,Hill,Snow,0.24,20.28,Partially Blocked,Medium,0,0
R0210,HQ_Zulu,Depot_1,282,Desert,Storm,0.02,15.49,Fully Blocked,Medium,0,0
R0211,Port_Beta,Base_B,528,Plain,Rainy,0.0,10.56,Partially Blocked,Low,0,0
R0212,Depot_1,Field_Camp_X,119,Urban,Clear,0.74,4.6,Partially Blocked,Medium,0,0
R0213,HQ_Zulu,Port_Alpha,805,Plain,Rainy,0.87,37.11,Fully Blocked,Medium,0,0
R0214,Base_B,Port_Beta,447,Plain,Rainy,0.11,10.42,Partially Blocked,Low,0,0
R0215,Port_Beta,Field_Camp_X,144,Urban,Snow,0.21,4.86,Partially Blocked,Low,0,0
R0216,Port_Alpha,Port_Beta,530,Forest,Rainy,0.29,19.77,Partially Blocked,Medium,0,0
R0217,Port_Beta,Depot_1,655,Forest,Rainy,0.67,34.15,Partially Blocked,High,0,0
R0218,HQ_Zulu,Depot_1,449,Plain,Snow,0.49,18.18,Partially Blocked,Medium,0,0
R0219,Port_Alpha,Field_Camp_Y,758,Urban,Snow,0.21,25.58,Partially Blocked,Low,0,0
R0220,Base_A,Field_Camp_X,423,Desert,Storm,0.66,44.89,Fully Blocked,High,0,0
R0221,Depot_1,Port_Beta,898,Urban,Storm,0.62,63.55,Fully Blocked,Medium,0,0
R0222,Field_Camp_Y,HQ_Zulu,718,Urban,Storm,0.58,49.23,Fully Blocked,Medium,0,0
R0223,Port_Beta,Field_Camp_Y,128,Hill,Rainy,0.0,3.84,Partially Blocked,Medium,0,0
R0224,Port_Alpha,Depot_2,125,Forest,Clear,0.03,2.83,Open,Low,0,0
R0225,Field_Camp_Y,Port_Beta,693,Forest,Storm,0.45,50.3,Fully Blocked,Medium,0,0
R0226,Depot_1,Port_Beta,809,Plain,Rainy,0.72,33.65,Partially Blocked,Medium,0,0
R0227,HQ_Zulu,Field_Camp_Y,398,Plain,Storm,0.74,27.99,Fully Blocked,Medium,0,0
R0228,Base_B,Port_Beta,896,Plain,Rainy,0.66,35.66,Partially Blocked,Medium,0,0
R0229,Port_Alpha,Depot_1,902,Plain,Storm,0.59,56.68,Fully Blocked,Medium,0,0
R0230,Field_Camp_X,Field_Camp_Y,625,Urban,Storm,0.0,22.92,Fully Blocked,Low,0,0
R0231,Base_B,Field_Camp_Y,909,Urban,Storm,0.0,33.33,Fully Blocked,Low,0,0
R0232,Field_Camp_Y,Port_Beta,48,Urban,Clear,0.15,1.08,Open,Low,0,0
R0233,Base_B,Depot_2,206,Desert,Rainy,0.28,9.36,Partially Blocked,Medium,0,0
R0234,Base_B,Port_Alpha,825,Plain,Clear,0.7,28.19,Partially Blocked,Medium,0,0
R0235,Port_Beta,Depot_1,747,Desert,Clear,0.34,30.08,Open,Medium,0,0
R0236,Base_A,Field_Camp_Y,535,Plain,Snow,1.0,31.21,Fully Blocked,High,0,0
R0237,Field_Camp_Y,HQ_Zulu,396,Forest,Rainy,0.74,21.72,Partially Blocked,High,0,0
R0238,Depot_2,Port_Alpha,498,Urban,Rainy,1.0,27.39,Fully Blocked,High,0,0
R0239,Depot_1,HQ_Zulu,513,Plain,Storm,0.94,41.21,Fully Blocked,High,0,0
R0240,Depot_2,Port_Beta,780,Urban,Rainy,0.52,30.54,Partially Blocked,Medium,0,0
R0241,Depot_2,Port_Beta,617,Desert,Storm,0.67,65.98,Fully Blocked,High,0,0
R0242,Field_Camp_X,Base_A,942,Forest,Snow,0.55,52.15,Partially Blocked,Medium,0,0
R0243,HQ_Zulu,Depot_1,282,Plain,Storm,0.32,13.91,Fully Blocked,Low,0,0
R0244,Field_Camp_Y,Field_Camp_X,197,Forest,Snow,0.76,12.79,Partially Blocked,High,0,0
R0245,Port_Beta,Field_Camp_X,199,Hill,Storm,0.67,19.95,Fully Blocked,High,0,0
R0246,Port_Beta,Base_B,223,Hill,Storm,0.33,16.67,Fully Blocked,Medium,0,0
R0247,Field_Camp_Y,Field_Camp_X,546,Desert,Clear,0.0,14.56,Open,Low,0,0
R0248,Port_Alpha,Field_Camp_X,677,Plain,Clear,0.42,18.39,Open,Low,0,0
R0249,Port_Beta,Field_Camp_X,525,Hill,Snow,0.49,31.88,Partially Blocked,Medium,0,0
R0250,Depot_2,HQ_Zulu,330,Urban,Snow,0.34,12.79,Partially Blocked,Medium,0,0
R0251,Depot_1,Base_B,161,Plain,Snow,0.8,8.26,Partially Blocked,Medium,0,0
R0252,Port_Beta,Base_A,816,Urban,Snow,0.11,24.4,Partially Blocked,Low,0,0
R0253,Depot_1,Base_B,474,Desert,Snow,0.84,39.99,Fully Blocked,High,0,0
R0254,Port_Alpha,Depot_1,743,Hill,Rainy,0.14,26.97,Partially Blocked,Medium,0,0
R0255,HQ_Zulu,Field_Camp_Y,887,Urban,Snow,0.18,28.91,Partially Blocked,Low,0,0
R0256,Depot_1,Field_Camp_X,202,Forest,Snow,0.0,6.13,Partially Blocked,Medium,0,0
R0257,Field_Camp_Y,Base_B,682,Forest,Clear,0.83,33.17,Fully Blocked,High,0,0
R0258,Depot_1,Depot_2,689,Forest,Snow,0.0,20.9,Partially Blocked,Medium,0,0
R0259,Base_B,Port_Alpha,505,Plain,Snow,0.59,22.21,Partially Blocked,Medium,0,0
R0260,HQ_Zulu,Base_B,964,Forest,Snow,0.56,53.8,Partially Blocked,Medium,0,0
R0261,Field_Camp_X,Port_Alpha,30,Desert,Clear,0.07,0.88,Open,Low,0,0
R0262,Depot_2,Port_Beta,534,Plain,Snow,0.63,24.23,Partially Blocked,Medium,0,0
R0263,Depot_2,Base_B,220,Forest,Snow,0.15,8.17,Partially Blocked,Medium,0,0
R0264,Port_Alpha,Base_B,958,Hill,Clear,0.39,37.96,Open,Medium,0,0
R0265,Base_A,Field_Camp_X,963,Forest,Clear,0.81,46.22,Fully Blocked,High,0,0
R0266,Base_B,Depot_2,714,Urban,Rainy,0.31,23.01,Partially Blocked,Low,0,0
R0267,Port_Alpha,Port_Beta,701,Desert,Storm,0.0,37.39,Fully Blocked,Medium,0,0
R0268,Depot_1,Port_Alpha,109,Plain,Storm,0.58,6.79,Fully Blocked,Medium,0,0
R0269,Port_Alpha,Field_Camp_X,915,Plain,Snow,0.65,42.17,Partially Blocked,Medium,0,0
R0270,Depot_2,Port_Beta,470,Forest,Rainy,0.08,13.69,Partially Blocked,Medium,0,0
R0271,Field_Camp_Y,Base_B,431,Desert,Snow,0.26,22.37,Partially Blocked,Medium,0,0
R0272,Base_A,Port_Alpha,172,Desert,Rainy,0.23,7.4,Partially Blocked,Medium,0,0
R0273,Base_B,Port_Beta,444,Plain,Rainy,0.83,19.94,Fully Blocked,Medium,0,0
R0274,Base_A,HQ_Zulu,41,Desert,Rainy,0.19,1.69,Partially Blocked,Medium,0,0
R0275,Depot_1,Depot_2,359,Plain,Rainy,1.0,17.95,Fully Blocked,High,0,0
R0276,Depot_2,HQ_Zulu,37,Desert,Rainy,0.16,1.47,Partially Blocked,Medium,0,0
R0277,Base_A,Field_Camp_X,151,Hill,Rainy,0.35,6.91,Partially Blocked,Medium,0,0
R0278,HQ_Zulu,Field_Camp_X,727,Hill,Clear,0.0,18.18,Open,Low,0,0
R0279,Base_A,Depot_1,345,Plain,Snow,0.17,10.1,Partially Blocked,Low,0,0
R0280,Depot_2,Field_Camp_Y,70,Plain,Rainy,0.45,2.35,Partially Blocked,Medium,0,0
R0281,Field_Camp_X,Base_A,769,Hill,Storm,0.0,38.45,Fully Blocked,Medium,0,0
R0282,HQ_Zulu,Base_B,753,Plain,Storm,0.51,44.3,Fully Blocked,Medium,0,0
R0283,Port_Beta,Field_Camp_Y,490,Urban,Clear,0.13,10.74,Open,Low,0,0
R0284,Port_Beta,Depot_2,587,Urban,Clear,0.55,19.64,Partially Blocked,Medium,0,0
R0285,HQ_Zulu,Field_Camp_X,576,Forest,Clear,0.62,24.09,Partially Blocked,High,0,0
R0286,Base_A,Port_Beta,479,Forest,Storm,0.84,46.91,Fully Blocked,High,0,0
R0287,Base_B,Port_Beta,39,Forest,Clear,0.75,1.8,Partially Blocked,High,0,0
R0288,Base_B,Field_Camp_Y,253,Urban,Rainy,0.26,7.74,Partially Blocked,Low,0,0
R0289,Base_B,Depot_1,268,Desert,Snow,0.49,17.36,Partially Blocked,Medium,0,0
R0290,Port_Alpha,Field_Camp_X,92,Forest,Storm,0.07,4.41,Fully Blocked,Medium,0,0
R0291,Base_B,HQ_Zulu,246,Urban,Rainy,0.37,8.42,Partially Blocked,Medium,0,0
R0292,Port_Alpha,Port_Beta,128,Hill,Storm,0.77,13.79,Fully Blocked,High,0,0
R0293,Field_Camp_Y,Port_Beta,540,Forest,Storm,0.37,36.39,Fully Blocked,Medium,0,0
R0294,Base_B,Field_Camp_Y,547,Forest,Snow,0.38,26.05,Partially Blocked,Medium,0,0
R0295,Field_Camp_X,Field_Camp_Y,505,Hill,Storm,0.4,40.4,Fully Blocked,Medium,0,0
R0296,Base_B,HQ_Zulu,594,Plain,Clear,0.41,15.99,Open,Low,0,0
R0297,Port_Alpha,Base_B,706,Desert,Rainy,0.21,29.71,Partially Blocked,Medium,0,0
R0298,HQ_Zulu,Base_A,114,Urban,Snow,0.81,6.48,Fully Blocked,Medium,0,0
R0299,Base_B,Port_Alpha,107,Desert,Storm,0.2,7.42,Fully Blocked,Medium,0,0
R0300,Base_A,Field_Camp_X,714,Urban,Snow,0.17,23.0,Partially Blocked,Low,0,0
R0301,Field_Camp_Y,Base_B,746,Urban,Rainy,0.5,28.72,Partially Blocked,Medium,0,0
R0302,Depot_1,Port_Beta,517,Hill,Clear,0.32,19.13,Open,Low,0,0
R0303,Field_Camp_Y,HQ_Zulu,829,Plain,Snow,0.4,30.95,Partially Blocked,Medium,0,0
R0304,Depot_2,Port_Alpha,467,Urban,Clear,0.27,12.03,Open,Low,0,0
R0305,Field_Camp_X,Base_A,147,Hill,Snow,0.24,7.0,Partially Blocked,Medium,0,0
R0306,Field_Camp_X,Field_Camp_Y,990,Desert,Clear,0.67,52.93,Partially Blocked,High,0,0
R0307,Depot_1,HQ_Zulu,83,Urban,Storm,0.52,5.42,Fully Blocked,Medium,0,0
R0308,Base_B,Depot_1,796,Plain,Clear,0.8,29.19,Partially Blocked,Medium,0,0
R0309,HQ_Zulu,Depot_2,332,Forest,Storm,0.82,32.08,Fully Blocked,High,0,0
R0310,Port_Beta,Field_Camp_Y,939,Hill,Snow,0.28,46.67,Partially Blocked,Medium,0,0
R0311,Field_Camp_X,Field_Camp_Y,607,Urban,Clear,0.46,18.81,Open,Low,0,0
R0312,Base_A,Depot_1,335,Hill,Clear,0.41,13.53,Open,Medium,0,0
R0313,Base_B,Field_Camp_X,127,Forest,Storm,0.65,10.87,Fully Blocked,High,0,0
R0314,Port_Beta,HQ_Zulu,464,Forest,Snow,1.0,35.19,Fully Blocked,High,0,0
R0315,Depot_2,Base_B,476,Desert,Storm,0.51,44.81,Fully Blocked,Medium,0,0
R0316,Base_B,Field_Camp_X,510,Urban,Storm,0.92,44.51,Fully Blocked,High,0,0
R0317,HQ_Zulu,Field_Camp_X,364,Plain,Rainy,0.89,17.0,Fully Blocked,Medium,0,0
R0318,Port_Alpha,Base_A,592,Plain,Rainy,0.0,11.84,Partially Blocked,Low,0,0
R0319,Field_Camp_X,Depot_2,110,Hill,Snow,0.4,6.16,Partially Blocked,Medium,0,0
R0320,Field_Camp_X,Field_Camp_Y,537,Plain,Clear,0.64,17.54,Partially Blocked,Medium,0,0
R0321,Port_Beta,Port_Alpha,881,Hill,Rainy,0.52,47.05,Partially Blocked,Medium,0,0
R0322,Port_Alpha,Depot_2,82,Urban,Snow,0.39,3.34,Partially Blocked,Medium,0,0
R0323,Base_B,Port_Alpha,479,Plain,Storm,0.74,33.69,Fully Blocked,Medium,0,0
R0324,Base_A,Port_Beta,781,Plain,Snow,0.0,18.22,Partially Blocked,Low,0,0
R0325,Port_Alpha,HQ_Zulu,912,Forest,Snow,0.0,27.66,Partially Blocked,Medium,0,0
R0326,Base_B,Port_Alpha,877,Plain,Snow,1.0,51.16,Fully Blocked,High,0,0
R0327,Depot_1,Port_Beta,124,Desert,Clear,0.88,7.67,Fully Blocked,High,0,0
R0328,Port_Alpha,Base_B,929,Hill,Storm,0.16,57.6,Fully Blocked,Medium,0,0
R0329,Port_Alpha,Base_B,389,Forest,Snow,0.17,14.81,Partially Blocked,Medium,0,0
R0330,Field_Camp_Y,Depot_2,893,Desert,Rainy,0.9,67.15,Fully Blocked,High,0,0
R0331,Base_B,HQ_Zulu,224,Urban,Rainy,0.54,8.92,Partially Blocked,Medium,0,0
R0332,Field_Camp_Y,HQ_Zulu,90,Hill,Rainy,0.4,4.32,Partially Blocked,Medium,0,0
R0333,Base_B,Depot_1,663,Desert,Rainy,0.58,39.67,Partially Blocked,Medium,0,0
R0334,Depot_1,HQ_Zulu,495,Plain,Rainy,0.24,13.46,Partially Blocked,Low,0,0
R0335,Port_Beta,HQ_Zulu,633,Urban,Storm,0.33,34.7,Fully Blocked,Low,0,0
R0336,Field_Camp_Y,HQ_Zulu,867,Hill,Storm,0.38,68.06,Fully Blocked,Medium,0,0
R0337,Base_B,Port_Beta,542,Forest,Snow,0.0,16.44,Partially Blocked,Medium,0,0
R0338,Field_Camp_X,Base_A,75,Desert,Clear,0.55,3.65,Partially Blocked,Medium,0,0
R0339,Field_Camp_X,Port_Beta,575,Forest,Clear,0.29,17.88,Open,Low,0,0
R0340,Base_A,Field_Camp_Y,952,Desert,Clear,0.15,31.1,Open,Low,0,0
R0341,Base_B,Port_Alpha,102,Forest,Clear,0.39,3.5,Open,Medium,0,0
R0342,Port_Beta,Depot_2,243,Desert,Storm,0.13,15.49,Fully Blocked,Medium,0,0
R0343,HQ_Zulu,Depot_1,268,Plain,Storm,0.03,9.34,Fully Blocked,Low,0,0
R0344,Base_B,Field_Camp_Y,77,Plain,Rainy,0.41,2.49,Partially Blocked,Medium,0,0
R0345,Base_A,Depot_2,602,Forest,Storm,0.45,43.7,Fully Blocked,Medium,0,0
R0346,HQ_Zulu,Depot_1,721,Desert,Snow,0.17,33.78,Partially Blocked,Medium,0,0
R0347,Field_Camp_X,Port_Alpha,748,Forest,Snow,0.64,44.47,Partially Blocked,High,0,0
R0348,Base_A,Field_Camp_Y,555,Plain,Snow,0.42,21.11,Partially Blocked,Medium,0,0
R0349,Base_B,Port_Alpha,503,Desert,Snow,0.46,31.74,Partially Blocked,Medium,0,0
R0350,Depot_1,Field_Camp_Y,415,Plain,Rainy,0.88,19.26,Fully Blocked,Medium,0,0
R0351,Field_Camp_Y,Field_Camp_X,394,Forest,Rainy,0.52,18.23,Partially Blocked,Medium,0,0
R0352,Base_B,Field_Camp_X,948,Urban,Storm,0.16,43.1,Fully Blocked,Low,0,0
R0353,Field_Camp_Y,Depot_1,779,Urban,Clear,0.29,20.49,Open,Low,0,0
R0354,Port_Alpha,Field_Camp_Y,912,Plain,Snow,0.67,42.67,Partially Blocked,Medium,0,0
R0355,Field_Camp_X,Depot_1,44,Hill,Snow,0.49,2.67,Partially Blocked,Medium,0,0
R0356,Port_Beta,Depot_2,57,Hill,Rainy,0.25,2.35,Partially Blocked,Medium,0,0
R0357,Depot_1,Base_B,743,Desert,Clear,0.76,42.4,Partially Blocked,High,0,0
R0358,HQ_Zulu,Base_A,115,Desert,Rainy,0.47,6.27,Partially Blocked,Medium,0,0
R0359,Port_Alpha,Depot_1,503,Hill,Rainy,0.0,15.09,Partially Blocked,Medium,0,0
R0360,Depot_1,Port_Beta,554,Plain,Storm,0.46,31.21,Fully Blocked,Medium,0,0
R0361,Field_Camp_Y,Depot_2,241,Forest,Snow,0.0,7.31,Partially Blocked,Medium,0,0
R0362,Port_Beta,Depot_2,262,Urban,Rainy,0.28,8.18,Partially Blocked,Low,0,0
R0363,Field_Camp_X,Port_Beta,138,Hill,Snow,1.0,12.07,Fully Blocked,High,0,0
R0364,Port_Beta,HQ_Zulu,499,Desert,Storm,0.21,35.0,Fully Blocked,Medium,0,0
R0365,HQ_Zulu,Port_Alpha,63,Hill,Rainy,1.0,4.73,Fully Blocked,High,0,0
R0366,Depot_1,Field_Camp_X,777,Plain,Storm,0.82,57.76,Fully Blocked,Medium,0,0
R0367,Field_Camp_Y,Base_B,624,Urban,Clear,0.0,11.44,Open,Low,0,0
R0368,Field_Camp_X,Base_B,721,Hill,Snow,0.06,27.51,Partially Blocked,Medium,0,0
R0369,Port_Beta,Depot_1,311,Forest,Clear,0.0,6.74,Open,Low,0,0
R0370,Depot_2,Port_Beta,344,Desert,Clear,0.58,17.15,Partially Blocked,Medium,0,0
R0371,Port_Alpha,Base_A,906,Forest,Snow,0.55,50.15,Partially Blocked,Medium,0,0
R0372,Depot_2,Port_Alpha,466,Plain,Snow,0.34,16.42,Partially Blocked,Medium,0,0
R0373,Depot_2,Base_A,691,Desert,Clear,0.21,24.23,Open,Low,0,0
R0374,Field_Camp_Y,Depot_1,653,Hill,Clear,0.02,16.81,Open,Low,0,0
R0375,Field_Camp_X,Port_Beta,545,Hill,Storm,0.64,53.41,Fully Blocked,High,0,0
R0376,Port_Beta,Base_A,876,Plain,Clear,0.44,24.24,Open,Low,0,0
R0377,Field_Camp_X,Depot_2,675,Hill,Storm,0.4,54.0,Fully Blocked,Medium,0,0
R0378,Base_B,Field_Camp_X,976,Hill,Snow,0.54,61.83,Partially Blocked,Medium,0,0
R0379,Base_B,Base_A,603,Hill,Storm,0.43,49.6,Fully Blocked,Medium,0,0
R0380,Port_Beta,Base_B,421,Plain,Storm,0.63,27.29,Fully Blocked,Medium,0,0
R0381,HQ_Zulu,Base_A,55,Urban,Rainy,0.68,2.44,Partially Blocked,Medium,0,0
R0382,Depot_1,Field_Camp_X,355,Forest,Clear,0.17,9.65,Open,Low,0,0
R0383,Field_Camp_Y,Depot_2,439,Urban,Storm,0.17,20.2,Fully Blocked,Low,0,0
R0384,Depot_1,Base_B,254,Urban,Snow,0.0,6.52,Partially Blocked,Low,0,0
R0385,Base_B,Base_A,561,Forest,Storm,0.26,33.79,Fully Blocked,Medium,0,0
R0386,Base_A,Port_Alpha,119,Desert,Snow,0.31,6.51,Partially Blocked,Medium,0,0
R0387,Base_A,Field_Camp_Y,683,Plain,Snow,0.59,30.04,Partially Blocked,Medium,0,0
R0388,Depot_2,Base_B,168,Urban,Snow,0.0,4.31,Partially Blocked,Low,0,0
R0389,Depot_1,Base_A,540,Desert,Snow,1.0,50.4,Fully Blocked,High,0,0
R0390,Depot_1,Port_Beta,702,Forest,Rainy,0.0,18.25,Partially Blocked,Medium,0,0
R0391,Depot_1,Base_B,931,Forest,Clear,0.14,24.41,Open,Low,0,0
R0392,Field_Camp_X,Depot_2,948,Plain,Rainy,0.28,26.92,Partially Blocked,Low,0,0
R0393,Base_A,Field_Camp_Y,679,Desert,Storm,0.22,48.16,Fully Blocked,Medium,0,0
R0394,HQ_Zulu,Port_Beta,642,Desert,Clear,0.63,33.3,Partially Blocked,High,0,0
R0395,Depot_2,Field_Camp_X,358,Desert,Clear,0.56,17.57,Partially Blocked,Medium,0,0
R0396,Field_Camp_Y,Field_Camp_X,949,Plain,Snow,0.83,49.71,Fully Blocked,Medium,0,0
R0397,Port_Alpha,HQ_Zulu,579,Forest,Storm,0.0,25.09,Fully Blocked,Medium,0,0
R0398,Field_Camp_Y,Depot_1,846,Forest,Storm,0.09,41.61,Fully Blocked,Medium,0,0
R0399,Field_Camp_Y,Field_Camp_X,610,Plain,Storm,0.51,35.89,Fully Blocked,Medium,0,0
R0400,Base_B,Port_Alpha,166,Urban,Rainy,0.22,4.86,Partially Blocked,Low,0,0
