Component_ID,Component_Name,Tier,Supplier_Name,Parent_Org,Country,%_Ownership,Risk_Flag,Blocklisted,Alternate_Suppliers,Dependency_Level,Last_Verified
ALS001,Cooling System - ALS,1,ALS_Solutions_950,Parent_Tech_148,USA,10,Low,No,Coo_Global_707; Coo_Systems_977,Low,08-11-2024
ALS001,Cooling System - ALS,1,ALS_Solutions_158,Parent_Global_784,USA,60,Low,No,Coo_Solutions_848; Coo_Tech_673; Coo_Tech_158,Medium,14-09-2024
ALS001,Cooling System - ALS,1,ALS_Tech_472,Parent_Global_780,UK,100,Low,No,Coo_Global_272,Medium,30-10-2024
ALS001,Cooling System - ALS,2,ALS_Tech_949,Parent_Tech_643,Russia,80,High,Yes,Coo_Industries_978; Coo_Industries_913,High,02-02-2025
ALS001,Cooling System - ALS,2,ALS_Systems_170,Parent_Global_587,USA,25,Low,No,Coo_Global_273; Coo_Tech_206,Low,23-03-2025
ALS001,Cooling System - ALS,2,ALS_Tech_876,Parent_Systems_772,France,40,Low,No,Coo_Systems_374; Coo_Industries_438; Coo_Tech_125,Low,28-05-2024
ALS001,Cooling System - ALS,2,ALS_Systems_370,Parent_Solutions_896,Germany,100,Low,No,Coo_Industries_696; Coo_Solutions_494,Medium,25-01-2025
ALS001,Cooling System - ALS,3,ALS_Industries_696,Parent_Industries_191,South Korea,40,Medium,No,Coo_Global_925; Coo_Systems_215,Medium,26-12-2024
ALS001,Cooling System - ALS,3,ALS_Industries_325,Parent_Global_591,Japan,40,Medium,No,Coo_Tech_798,Low,15-12-2024
ALS001,Cooling System - ALS,3,ALS_Industries_351,Parent_Systems_994,USA,80,Low,No,Coo_Tech_445; Coo_Industries_912; Coo_Tech_410,High,25-11-2024
BMP002,Navigation Unit - BMP-2,1,BMP_Tech_154,Parent_Solutions_107,UK,51,Low,No,Nav_Systems_334; Nav_Systems_327; Nav_Tech_804,Medium,01-09-2024
BMP002,Navigation Unit - BMP-2,1,BMP_Industries_579,Parent_Tech_799,India,100,Low,No,Nav_Systems_418; Nav_Tech_109; Nav_Industries_490,Medium,30-07-2024
BMP002,Navigation Unit - BMP-2,1,BMP_Solutions_388,Parent_Solutions_610,France,30,Low,No,Nav_Global_199; Nav_Solutions_790,Low,11-07-2024
BMP002,Navigation Unit - BMP-2,2,BMP_Industries_721,Parent_Systems_116,China,10,High,No,Nav_Global_398,High,08-08-2024
BMP002,Navigation Unit - BMP-2,2,BMP_Tech_676,Parent_Systems_966,China,100,High,Yes,Nav_Solutions_421; Nav_Solutions_131; Nav_Global_626,Medium,31-05-2024
BMP002,Navigation Unit - BMP-2,2,BMP_Solutions_647,Parent_Systems_196,China,51,High,Yes,Nav_Industries_661,High,21-07-2024
BMP002,Navigation Unit - BMP-2,3,BMP_Solutions_364,Parent_Industries_264,Israel,25,Medium,No,Nav_Global_898; Nav_Systems_947,High,13-11-2024
BMP002,Navigation Unit - BMP-2,3,BMP_Solutions_669,Parent_Systems_396,China,80,High,Yes,Nav_Solutions_143; Nav_Solutions_492,Medium,10-06-2024
BMP002,Navigation Unit - BMP-2,4,BMP_Systems_203,Parent_Tech_895,India,51,Low,No,Nav_Global_770,Medium,21-12-2024
BMP002,Navigation Unit - BMP-2,4,BMP_Industries_493,Parent_Industries_161,Russia,25,High,No,Nav_Tech_870; Nav_Solutions_806,Low,07-01-2025
BMP002,Navigation Unit - BMP-2,4,BMP_Global_409,Parent_Global_282,South Korea,51,Medium,No,Nav_Tech_990; Nav_Global_576; Nav_Systems_324,High,12-06-2024
BMP002,Navigation Unit - BMP-2,5,BMP_Industries_370,Parent_Tech_190,Germany,25,Low,No,Nav_Tech_770; Nav_Tech_641,Medium,08-07-2024
BMP002,Navigation Unit - BMP-2,5,BMP_Global_190,Parent_Systems_766,India,80,Low,No,Nav_Industries_183; Nav_Industries_461,Medium,29-10-2024
ART003,Fire Control Processor - Artillery,1,ART_Solutions_881,Parent_Industries_523,UK,60,Low,No,Fir_Industries_447; Fir_Industries_225; Fir_Tech_119,Medium,08-11-2024
ART003,Fire Control Processor - Artillery,1,ART_Global_788,Parent_Systems_740,India,51,Low,No,Fir_Tech_333,Low,15-04-2025
ART003,Fire Control Processor - Artillery,1,ART_Global_538,Parent_Global_766,USA,51,Low,No,Fir_Tech_386,Low,23-02-2025
ART003,Fire Control Processor - Artillery,1,ART_Tech_129,Parent_Solutions_660,Japan,30,Medium,No,Fir_Tech_235,Low,24-11-2024
ART003,Fire Control Processor - Artillery,2,ART_Global_182,Parent_Global_804,South Korea,10,Medium,No,Fir_Tech_331; Fir_Global_724; Fir_Industries_380,High,07-10-2024
ART003,Fire Control Processor - Artillery,2,ART_Systems_960,Parent_Tech_149,France,60,Low,No,Fir_Solutions_779,High,18-12-2024
ART003,Fire Control Processor - Artillery,2,ART_Systems_329,Parent_Solutions_681,France,40,Low,No,Fir_Global_162; Fir_Solutions_127,Medium,14-12-2024
ART003,Fire Control Processor - Artillery,2,ART_Tech_798,Parent_Systems_826,India,100,Low,No,Fir_Systems_434; Fir_Tech_494,Low,16-01-2025
ART003,Fire Control Processor - Artillery,3,ART_Industries_702,Parent_Tech_472,USA,25,Low,No,Fir_Systems_841; Fir_Industries_914; Fir_Tech_847,High,04-09-2024
ART003,Fire Control Processor - Artillery,3,ART_Tech_408,Parent_Industries_249,France,25,Low,No,Fir_Solutions_936,Low,05-09-2024
ART003,Fire Control Processor - Artillery,3,ART_Solutions_980,Parent_Global_256,UK,100,Low,No,Fir_Solutions_746; Fir_Solutions_951,Low,26-03-2025
ART003,Fire Control Processor - Artillery,3,ART_Solutions_333,Parent_Tech_168,China,10,High,No,Fir_Tech_945,High,28-08-2024
ART003,Fire Control Processor - Artillery,4,ART_Global_574,Parent_Systems_105,China,30,High,No,Fir_Solutions_762; Fir_Solutions_739; Fir_Tech_488,Low,21-07-2024
ART003,Fire Control Processor - Artillery,4,ART_Tech_277,Parent_Global_149,France,80,Low,No,Fir_Solutions_268; Fir_Industries_493,Medium,15-06-2024
ART003,Fire Control Processor - Artillery,4,ART_Global_241,Parent_Industries_478,Israel,10,Medium,No,Fir_Global_422,Low,10-08-2024
ART003,Fire Control Processor - Artillery,4,ART_Solutions_690,Parent_Solutions_719,UK,40,Low,No,Fir_Global_859; Fir_Tech_847,Low,15-01-2025
UAV004,Flight Controller - Tactical UAV,1,UAV_Solutions_792,Parent_Global_411,Israel,10,Medium,No,Fli_Systems_326; Fli_Solutions_997; Fli_Industries_391,Medium,03-10-2024
UAV004,Flight Controller - Tactical UAV,1,UAV_Industries_385,Parent_Industries_832,France,60,Low,No,Fli_Tech_667; Fli_Industries_249; Fli_Global_401,Low,05-11-2024
UAV004,Flight Controller - Tactical UAV,1,UAV_Industries_150,Parent_Industries_359,Germany,80,Low,No,Fli_Industries_433; Fli_Systems_821,Medium,14-04-2025
UAV004,Flight Controller - Tactical UAV,2,UAV_Tech_848,Parent_Systems_911,Japan,10,Medium,No,Fli_Tech_333; Fli_Global_713,High,30-05-2024
UAV004,Flight Controller - Tactical UAV,2,UAV_Industries_429,Parent_Global_824,China,25,High,No,Fli_Systems_969; Fli_Systems_139,High,18-08-2024
UAV004,Flight Controller - Tactical UAV,2,UAV_Tech_829,Parent_Solutions_394,South Korea,30,Medium,No,Fli_Systems_202; Fli_Tech_144; Fli_Global_386,Low,20-05-2024
UAV004,Flight Controller - Tactical UAV,2,UAV_Industries_412,Parent_Global_550,Israel,40,Medium,No,Fli_Industries_726; Fli_Systems_502; Fli_Solutions_369,Medium,02-10-2024
UAV004,Flight Controller - Tactical UAV,3,UAV_Solutions_926,Parent_Tech_882,China,10,High,No,Fli_Global_448; Fli_Solutions_739,Medium,07-01-2025
UAV004,Flight Controller - Tactical UAV,3,UAV_Solutions_537,Parent_Tech_121,UK,51,Low,No,Fli_Solutions_250; Fli_Global_835; Fli_Systems_180,Low,02-06-2024
UAV004,Flight Controller - Tactical UAV,4,UAV_Tech_140,Parent_Solutions_682,UK,51,Low,No,Fli_Solutions_507,Low,24-08-2024
UAV004,Flight Controller - Tactical UAV,4,UAV_Solutions_925,Parent_Industries_404,Japan,25,Medium,No,Fli_Industries_903,High,02-10-2024
UAV004,Flight Controller - Tactical UAV,4,UAV_Tech_708,Parent_Industries_829,Japan,100,Medium,No,Fli_Global_474,Low,07-02-2025
COM005,Secure Communication Module,1,COM_Systems_779,Parent_Tech_146,South Korea,60,Medium,No,Sec_Industries_781; Sec_Global_421; Sec_Industries_972,High,27-12-2024
COM005,Secure Communication Module,1,COM_Industries_699,Parent_Industries_651,China,60,High,Yes,Sec_Tech_598; Sec_Tech_259,Medium,11-03-2025
COM005,Secure Communication Module,1,COM_Systems_288,Parent_Systems_162,Russia,100,High,Yes,Sec_Tech_604; Sec_Industries_319; Sec_Global_762,Low,05-07-2024
COM005,Secure Communication Module,1,COM_Solutions_391,Parent_Solutions_887,UK,30,Low,No,Sec_Solutions_147,Low,06-06-2024
COM005,Secure Communication Module,2,COM_Tech_589,Parent_Solutions_303,USA,51,Low,No,Sec_Industries_178; Sec_Tech_695,Medium,03-12-2024
COM005,Secure Communication Module,2,COM_Solutions_937,Parent_Global_175,Israel,51,Medium,No,Sec_Tech_858,High,22-08-2024
COM005,Secure Communication Module,3,COM_Systems_315,Parent_Systems_929,UK,60,Low,No,Sec_Industries_492,Medium,07-04-2025
COM005,Secure Communication Module,3,COM_Tech_584,Parent_Tech_926,India,30,Low,No,Sec_Tech_550; Sec_Industries_741,High,03-06-2024
COM005,Secure Communication Module,3,COM_Global_696,Parent_Industries_420,France,51,Low,No,Sec_Systems_517; Sec_Systems_486,Medium,03-04-2025
COM005,Secure Communication Module,4,COM_Industries_142,Parent_Tech_434,UK,60,Low,No,Sec_Global_984; Sec_Global_774,High,14-12-2024
COM005,Secure Communication Module,4,COM_Solutions_476,Parent_Systems_185,Russia,40,High,No,Sec_Global_655; Sec_Solutions_706,Medium,28-02-2025
COM005,Secure Communication Module,4,COM_Global_944,Parent_Global_385,USA,30,Low,No,Sec_Solutions_516; Sec_Systems_384; Sec_Systems_138,Low,25-11-2024
COM005,Secure Communication Module,4,COM_Industries_596,Parent_Solutions_565,Japan,30,Medium,No,Sec_Solutions_684; Sec_Systems_955,Medium,27-05-2024
RAD006,Ground Radar Controller,1,RAD_Solutions_229,Parent_Global_176,Russia,30,High,No,Gro_Tech_266; Gro_Systems_904; Gro_Solutions_591,Medium,09-09-2024
RAD006,Ground Radar Controller,1,RAD_Tech_537,Parent_Solutions_598,Russia,30,High,No,Gro_Industries_590; Gro_Systems_418; Gro_Industries_461,Medium,04-02-2025
RAD006,Ground Radar Controller,1,RAD_Systems_718,Parent_Industries_879,China,10,High,No,Gro_Systems_244; Gro_Systems_777; Gro_Industries_248,High,16-09-2024
RAD006,Ground Radar Controller,2,RAD_Solutions_757,Parent_Tech_247,USA,60,Low,No,Gro_Solutions_343; Gro_Industries_392,High,20-03-2025
RAD006,Ground Radar Controller,2,RAD_Systems_115,Parent_Tech_272,Germany,10,Low,No,Gro_Global_787; Gro_Industries_632,Low,15-05-2024
RAD006,Ground Radar Controller,2,RAD_Systems_770,Parent_Tech_716,UK,10,Low,No,Gro_Global_342; Gro_Global_372,High,18-03-2025
RAD006,Ground Radar Controller,3,RAD_Global_803,Parent_Systems_299,Japan,30,Medium,No,Gro_Systems_348; Gro_Global_482; Gro_Global_245,High,16-03-2025
RAD006,Ground Radar Controller,3,RAD_Global_518,Parent_Systems_987,France,51,Low,No,Gro_Tech_572,Medium,15-01-2025
RAD006,Ground Radar Controller,3,RAD_Tech_897,Parent_Global_600,Russia,40,High,No,Gro_Global_793,Medium,21-08-2024
RAD006,Ground Radar Controller,4,RAD_Solutions_762,Parent_Tech_792,UK,30,Low,No,Gro_Tech_507; Gro_Solutions_188; Gro_Tech_250,Medium,08-09-2024
RAD006,Ground Radar Controller,4,RAD_Industries_775,Parent_Global_179,India,100,Low,No,Gro_Systems_538; Gro_Industries_586; Gro_Tech_139,Low,13-02-2025
RAD006,Ground Radar Controller,4,RAD_Global_838,Parent_Global_667,China,60,High,Yes,Gro_Industries_158,Low,25-11-2024
RAD006,Ground Radar Controller,5,RAD_Systems_398,Parent_Tech_964,UK,60,Low,No,Gro_Solutions_423; Gro_Global_559,Medium,30-12-2024
RAD006,Ground Radar Controller,5,RAD_Global_486,Parent_Industries_800,Russia,30,High,No,Gro_Systems_347,Medium,25-01-2025
RAD006,Ground Radar Controller,5,RAD_Global_510,Parent_Global_993,Japan,60,Medium,No,Gro_Global_827; Gro_Industries_256; Gro_Systems_932,Low,20-08-2024
SAT007,Satellite Telemetry Unit,1,SAT_Industries_707,Parent_Global_857,India,25,Low,No,Sat_Global_311; Sat_Solutions_873; Sat_Tech_474,Medium,09-09-2024
SAT007,Satellite Telemetry Unit,1,SAT_Global_689,Parent_Industries_520,Israel,30,Medium,No,Sat_Solutions_254; Sat_Industries_221; Sat_Systems_548,Medium,28-01-2025
SAT007,Satellite Telemetry Unit,1,SAT_Solutions_406,Parent_Global_482,France,25,Low,No,Sat_Systems_598; Sat_Global_502; Sat_Systems_730,High,07-11-2024
SAT007,Satellite Telemetry Unit,2,SAT_Industries_651,Parent_Industries_332,Germany,51,Low,No,Sat_Solutions_700,Low,28-05-2024
SAT007,Satellite Telemetry Unit,2,SAT_Solutions_553,Parent_Tech_438,USA,60,Low,No,Sat_Solutions_479; Sat_Solutions_714; Sat_Global_142,Low,18-12-2024
SAT007,Satellite Telemetry Unit,2,SAT_Industries_985,Parent_Global_805,South Korea,25,Medium,No,Sat_Industries_859,High,22-03-2025
SAT007,Satellite Telemetry Unit,3,SAT_Global_207,Parent_Solutions_102,South Korea,60,Medium,No,Sat_Global_585,Medium,05-04-2025
SAT007,Satellite Telemetry Unit,3,SAT_Global_802,Parent_Tech_790,France,25,Low,No,Sat_Industries_704; Sat_Global_939; Sat_Systems_678,High,06-04-2025
DRN008,Drone Stabilization Module,1,DRN_Systems_606,Parent_Industries_234,UK,60,Low,No,Dro_Solutions_552; Dro_Global_783; Dro_Tech_508,High,21-12-2024
DRN008,Drone Stabilization Module,1,DRN_Global_648,Parent_Solutions_633,South Korea,100,Medium,No,Dro_Global_521,Medium,28-02-2025
DRN008,Drone Stabilization Module,1,DRN_Tech_310,Parent_Tech_201,China,80,High,Yes,Dro_Systems_371; Dro_Systems_349; Dro_Industries_745,High,03-11-2024
DRN008,Drone Stabilization Module,2,DRN_Systems_183,Parent_Systems_849,Japan,60,Medium,No,Dro_Global_773; Dro_Industries_764,Medium,31-03-2025
DRN008,Drone Stabilization Module,2,DRN_Global_640,Parent_Systems_602,Russia,25,High,No,Dro_Industries_106,High,18-03-2025
DRN008,Drone Stabilization Module,3,DRN_Global_542,Parent_Global_601,Germany,10,Low,No,Dro_Solutions_494; Dro_Global_587; Dro_Industries_262,Medium,18-11-2024
DRN008,Drone Stabilization Module,3,DRN_Systems_808,Parent_Industries_731,Israel,100,Medium,No,Dro_Solutions_191; Dro_Systems_300; Dro_Industries_114,High,31-05-2024
DRN008,Drone Stabilization Module,3,DRN_Global_458,Parent_Systems_255,South Korea,51,Medium,No,Dro_Solutions_332; Dro_Global_522,Medium,01-04-2025
INF009,Infantry Communication Node,1,INF_Global_903,Parent_Industries_809,South Korea,25,Medium,No,Inf_Solutions_355; Inf_Tech_468,Low,17-10-2024
INF009,Infantry Communication Node,1,INF_Tech_589,Parent_Global_357,Japan,51,Medium,No,Inf_Systems_614,Medium,21-11-2024
INF009,Infantry Communication Node,1,INF_Solutions_723,Parent_Global_914,Russia,51,High,Yes,Inf_Systems_273; Inf_Tech_464,High,21-02-2025
INF009,Infantry Communication Node,1,INF_Systems_762,Parent_Global_631,Germany,60,Low,No,Inf_Industries_653,Medium,20-07-2024
INF009,Infantry Communication Node,2,INF_Solutions_466,Parent_Industries_670,USA,100,Low,No,Inf_Systems_501; Inf_Industries_382; Inf_Global_938,High,07-01-2025
INF009,Infantry Communication Node,2,INF_Solutions_325,Parent_Solutions_874,UK,30,Low,No,Inf_Systems_556; Inf_Systems_246; Inf_Global_110,Medium,25-07-2024
INF009,Infantry Communication Node,2,INF_Systems_439,Parent_Solutions_714,India,51,Low,No,Inf_Tech_310; Inf_Industries_885; Inf_Tech_882,Medium,21-03-2025
INF009,Infantry Communication Node,3,INF_Global_466,Parent_Systems_317,India,25,Low,No,Inf_Systems_997; Inf_Global_621; Inf_Solutions_531,Low,01-11-2024
INF009,Infantry Communication Node,3,INF_Tech_652,Parent_Industries_828,South Korea,10,Medium,No,Inf_Systems_605; Inf_Tech_392; Inf_Tech_806,Medium,21-05-2024
INF009,Infantry Communication Node,3,INF_Industries_162,Parent_Industries_795,India,10,Low,No,Inf_Systems_520; Inf_Global_208,High,06-10-2024
INF009,Infantry Communication Node,4,INF_Solutions_912,Parent_Industries_798,South Korea,10,Medium,No,Inf_Industries_982; Inf_Solutions_901,Medium,25-11-2024
INF009,Infantry Communication Node,4,INF_Industries_269,Parent_Systems_396,China,60,High,Yes,Inf_Industries_257; Inf_Industries_504,Low,09-01-2025
INF009,Infantry Communication Node,5,INF_Tech_981,Parent_Global_814,China,60,High,Yes,Inf_Global_638; Inf_Systems_186,Low,09-12-2024
INF009,Infantry Communication Node,5,INF_Tech_263,Parent_Industries_123,Israel,80,Medium,No,Inf_Industries_200; Inf_Industries_868,High,10-02-2025
TRK010,Tracked Vehicle Suspension Unit,1,TRK_Tech_717,Parent_Systems_216,India,30,Low,No,Tra_Industries_601; Tra_Global_621,Medium,06-12-2024
TRK010,Tracked Vehicle Suspension Unit,1,TRK_Tech_410,Parent_Global_862,India,30,Low,No,Tra_Solutions_157,Low,12-02-2025
TRK010,Tracked Vehicle Suspension Unit,1,TRK_Global_821,Parent_Global_107,Israel,51,Medium,No,Tra_Industries_872,Medium,15-04-2025
TRK010,Tracked Vehicle Suspension Unit,2,TRK_Industries_244,Parent_Tech_731,China,80,High,Yes,Tra_Global_385; Tra_Systems_484,High,22-12-2024
TRK010,Tracked Vehicle Suspension Unit,2,TRK_Systems_549,Parent_Tech_380,India,25,Low,No,Tra_Industries_781; Tra_Industries_222; Tra_Solutions_407,Low,20-02-2025
TRK010,Tracked Vehicle Suspension Unit,2,TRK_Tech_726,Parent_Global_389,South Korea,100,Medium,No,Tra_Systems_336; Tra_Global_356; Tra_Global_546,High,27-10-2024
TRK010,Tracked Vehicle Suspension Unit,3,TRK_Industries_225,Parent_Global_924,UK,10,Low,No,Tra_Tech_845; Tra_Global_536,Low,19-03-2025
TRK010,Tracked Vehicle Suspension Unit,3,TRK_Industries_445,Parent_Tech_495,South Korea,80,Medium,No,Tra_Global_358; Tra_Industries_270; Tra_Global_310,Low,15-06-2024
TRK010,Tracked Vehicle Suspension Unit,4,TRK_Systems_139,Parent_Tech_967,France,100,Low,No,Tra_Tech_519,Low,31-08-2024
TRK010,Tracked Vehicle Suspension Unit,4,TRK_Global_158,Parent_Industries_649,USA,100,Low,No,Tra_Systems_914; Tra_Solutions_334,High,19-08-2024
TRK010,Tracked Vehicle Suspension Unit,4,TRK_Tech_643,Parent_Global_919,France,30,Low,No,Tra_Industries_157,High,12-02-2025
TRK010,Tracked Vehicle Suspension Unit,5,TRK_Industries_494,Parent_Solutions_656,UK,100,Low,No,Tra_Systems_234; Tra_Global_565; Tra_Tech_176,Medium,06-12-2024
TRK010,Tracked Vehicle Suspension Unit,5,TRK_Solutions_386,Parent_Solutions_489,China,30,High,No,Tra_Industries_680,High,30-01-2025
ARM011,Armor Plate Control System,1,ARM_Global_381,Parent_Solutions_267,India,51,Low,No,Arm_Systems_653,Medium,02-10-2024
ARM011,Armor Plate Control System,1,ARM_Global_195,Parent_Solutions_502,South Korea,40,Medium,No,Arm_Industries_361; Arm_Global_121,Medium,09-10-2024
ARM011,Armor Plate Control System,2,ARM_Industries_134,Parent_Industries_143,Israel,25,Medium,No,Arm_Solutions_717; Arm_Solutions_895,Low,06-08-2024
ARM011,Armor Plate Control System,2,ARM_Systems_116,Parent_Solutions_788,France,25,Low,No,Arm_Systems_951; Arm_Solutions_879; Arm_Global_981,Low,16-06-2024
ARM011,Armor Plate Control System,2,ARM_Tech_647,Parent_Industries_548,UK,60,Low,No,Arm_Industries_351; Arm_Solutions_313,Low,01-09-2024
ARM011,Armor Plate Control System,2,ARM_Industries_407,Parent_Tech_740,UK,51,Low,No,Arm_Global_999; Arm_Solutions_902,Medium,08-10-2024
ARM011,Armor Plate Control System,3,ARM_Tech_922,Parent_Solutions_131,China,51,High,Yes,Arm_Solutions_629,Medium,07-10-2024
ARM011,Armor Plate Control System,3,ARM_Global_704,Parent_Solutions_445,Japan,25,Medium,No,Arm_Solutions_136; Arm_Solutions_156,Low,29-03-2025
ARM011,Armor Plate Control System,3,ARM_Industries_595,Parent_Tech_253,South Korea,60,Medium,No,Arm_Solutions_818; Arm_Industries_464,High,26-05-2024
ARM011,Armor Plate Control System,3,ARM_Solutions_604,Parent_Systems_717,India,40,Low,No,Arm_Systems_243; Arm_Systems_820,Medium,01-07-2024
ARM011,Armor Plate Control System,4,ARM_Tech_420,Parent_Systems_236,China,51,High,Yes,Arm_Tech_134,Low,06-03-2025
ARM011,Armor Plate Control System,4,ARM_Tech_635,Parent_Solutions_915,Japan,51,Medium,No,Arm_Tech_454; Arm_Global_794,High,07-07-2024
ARM011,Armor Plate Control System,5,ARM_Tech_142,Parent_Industries_446,China,60,High,Yes,Arm_Tech_297; Arm_Solutions_577,High,20-11-2024
ARM011,Armor Plate Control System,5,ARM_Industries_270,Parent_Tech_450,South Korea,10,Medium,No,Arm_Industries_784; Arm_Industries_418,Medium,17-08-2024
ARM011,Armor Plate Control System,5,ARM_Industries_453,Parent_Global_610,USA,100,Low,No,Arm_Solutions_915; Arm_Systems_857; Arm_Industries_901,High,28-02-2025
PWR012,Battery Power Management Unit,1,PWR_Industries_125,Parent_Tech_906,Russia,30,High,No,Bat_Tech_319; Bat_Solutions_533; Bat_Industries_158,High,22-07-2024
PWR012,Battery Power Management Unit,1,PWR_Global_224,Parent_Industries_853,UK,100,Low,No,Bat_Industries_574,Medium,06-04-2025
PWR012,Battery Power Management Unit,1,PWR_Industries_589,Parent_Systems_136,Germany,60,Low,No,Bat_Tech_152; Bat_Solutions_803,High,27-11-2024
PWR012,Battery Power Management Unit,2,PWR_Systems_664,Parent_Solutions_794,China,51,High,Yes,Bat_Global_650,Low,28-02-2025
PWR012,Battery Power Management Unit,2,PWR_Global_546,Parent_Solutions_940,Germany,80,Low,No,Bat_Global_227; Bat_Solutions_598; Bat_Solutions_272,Low,21-06-2024
PWR012,Battery Power Management Unit,2,PWR_Tech_799,Parent_Global_240,USA,51,Low,No,Bat_Tech_304; Bat_Global_208,High,27-11-2024
PWR012,Battery Power Management Unit,2,PWR_Global_765,Parent_Industries_806,India,100,Low,No,Bat_Tech_769,High,05-11-2024
PWR012,Battery Power Management Unit,3,PWR_Global_508,Parent_Industries_501,China,100,High,Yes,Bat_Global_621; Bat_Global_212; Bat_Systems_633,High,21-05-2024
PWR012,Battery Power Management Unit,3,PWR_Systems_311,Parent_Industries_854,France,25,Low,No,Bat_Tech_601; Bat_Industries_127; Bat_Industries_649,Medium,18-10-2024
PWR012,Battery Power Management Unit,3,PWR_Global_118,Parent_Tech_754,Russia,80,High,Yes,Bat_Global_702,High,22-05-2024
PWR012,Battery Power Management Unit,4,PWR_Global_259,Parent_Systems_689,UK,10,Low,No,Bat_Global_829; Bat_Solutions_651; Bat_Systems_882,Low,04-12-2024
PWR012,Battery Power Management Unit,4,PWR_Industries_944,Parent_Tech_426,Israel,100,Medium,No,Bat_Global_355; Bat_Solutions_823; Bat_Solutions_861,Low,01-02-2025
PWR012,Battery Power Management Unit,4,PWR_Global_161,Parent_Global_873,Israel,60,Medium,No,Bat_Solutions_959; Bat_Tech_536; Bat_Global_284,Low,07-10-2024
PWR012,Battery Power Management Unit,5,PWR_Industries_544,Parent_Industries_782,India,80,Low,No,Bat_Systems_336; Bat_Tech_215; Bat_Solutions_860,High,31-12-2024
PWR012,Battery Power Management Unit,5,PWR_Tech_324,Parent_Tech_845,France,80,Low,No,Bat_Solutions_439; Bat_Tech_270; Bat_Solutions_945,Low,27-05-2024
PWR012,Battery Power Management Unit,5,PWR_Solutions_275,Parent_Solutions_526,China,30,High,No,Bat_Solutions_466; Bat_Solutions_136,High,21-08-2024
NVT013,Night Vision Optics Interface,1,NVT_Global_142,Parent_Solutions_125,China,30,High,No,Nig_Systems_421,Low,25-08-2024
NVT013,Night Vision Optics Interface,1,NVT_Tech_103,Parent_Systems_519,Russia,80,High,Yes,Nig_Global_503; Nig_Systems_349,Low,15-02-2025
NVT013,Night Vision Optics Interface,2,NVT_Tech_507,Parent_Global_507,Russia,100,High,Yes,Nig_Systems_872,High,02-06-2024
NVT013,Night Vision Optics Interface,2,NVT_Solutions_191,Parent_Systems_763,Israel,51,Medium,No,Nig_Industries_570; Nig_Solutions_877,High,26-10-2024
NVT013,Night Vision Optics Interface,3,NVT_Systems_883,Parent_Solutions_824,USA,60,Low,No,Nig_Solutions_157,Low,10-01-2025
NVT013,Night Vision Optics Interface,3,NVT_Tech_532,Parent_Global_358,Germany,30,Low,No,Nig_Global_655; Nig_Solutions_305; Nig_Global_941,Medium,23-01-2025
NVT013,Night Vision Optics Interface,4,NVT_Systems_732,Parent_Global_532,India,60,Low,No,Nig_Tech_733; Nig_Solutions_904; Nig_Global_846,High,14-09-2024
NVT013,Night Vision Optics Interface,4,NVT_Industries_422,Parent_Solutions_420,South Korea,25,Medium,No,Nig_Industries_500,High,18-03-2025
NVT013,Night Vision Optics Interface,4,NVT_Global_121,Parent_Systems_399,India,40,Low,No,Nig_Systems_848; Nig_Systems_611; Nig_Global_821,Low,19-11-2024
NVT013,Night Vision Optics Interface,4,NVT_Systems_280,Parent_Systems_362,Israel,100,Medium,No,Nig_Industries_539,Low,08-11-2024
CBR014,CBRN Detection Module,1,CBR_Industries_371,Parent_Systems_344,Israel,30,Medium,No,CBR_Systems_258; CBR_Industries_753,Medium,29-01-2025
CBR014,CBRN Detection Module,1,CBR_Tech_312,Parent_Industries_765,Germany,30,Low,No,CBR_Industries_159,Low,29-12-2024
CBR014,CBRN Detection Module,1,CBR_Global_733,Parent_Tech_376,China,60,High,Yes,CBR_Industries_613; CBR_Industries_703,High,07-01-2025
CBR014,CBRN Detection Module,2,CBR_Tech_190,Parent_Tech_502,Israel,40,Medium,No,CBR_Global_548,Medium,03-12-2024
CBR014,CBRN Detection Module,2,CBR_Industries_960,Parent_Industries_267,Russia,30,High,No,CBR_Solutions_392,Medium,09-12-2024
CBR014,CBRN Detection Module,2,CBR_Tech_282,Parent_Systems_719,China,30,High,No,CBR_Tech_143; CBR_Industries_431,Low,12-12-2024
CBR014,CBRN Detection Module,3,CBR_Systems_892,Parent_Solutions_817,China,51,High,Yes,CBR_Tech_754; CBR_Solutions_316; CBR_Systems_454,High,10-08-2024
CBR014,CBRN Detection Module,3,CBR_Industries_172,Parent_Global_952,France,51,Low,No,CBR_Global_765; CBR_Industries_495; CBR_Industries_400,Low,10-08-2024
CBR014,CBRN Detection Module,3,CBR_Industries_864,Parent_Tech_735,Israel,51,Medium,No,CBR_Systems_809; CBR_Global_179,Low,21-11-2024
CBR014,CBRN Detection Module,4,CBR_Solutions_643,Parent_Tech_424,France,30,Low,No,CBR_Systems_798; CBR_Global_695; CBR_Solutions_181,Low,24-03-2025
CBR014,CBRN Detection Module,4,CBR_Tech_143,Parent_Systems_915,India,60,Low,No,CBR_Systems_585,High,18-07-2024
CBR014,CBRN Detection Module,4,CBR_Systems_862,Parent_Global_520,Germany,30,Low,No,CBR_Solutions_335; CBR_Global_893,Low,29-10-2024
SIG015,Signal Jammer Processor,1,SIG_Systems_257,Parent_Tech_512,India,25,Low,No,Sig_Solutions_909; Sig_Global_904,Low,06-04-2025
SIG015,Signal Jammer Processor,1,SIG_Industries_283,Parent_Global_419,Russia,25,High,No,Sig_Tech_835; Sig_Tech_304,Medium,14-03-2025
SIG015,Signal Jammer Processor,2,SIG_Global_194,Parent_Tech_845,China,80,High,Yes,Sig_Industries_965; Sig_Systems_671; Sig_Systems_556,Low,02-10-2024
SIG015,Signal Jammer Processor,2,SIG_Industries_948,Parent_Global_258,Israel,60,Medium,No,Sig_Tech_541; Sig_Industries_582,High,26-03-2025
SIG015,Signal Jammer Processor,3,SIG_Global_880,Parent_Tech_584,Russia,10,High,No,Sig_Global_906,Low,16-09-2024
SIG015,Signal Jammer Processor,3,SIG_Tech_103,Parent_Industries_568,USA,40,Low,No,Sig_Tech_548,Low,14-01-2025
SIG015,Signal Jammer Processor,4,SIG_Tech_172,Parent_Systems_633,Russia,80,High,Yes,Sig_Global_628; Sig_Industries_756,High,20-09-2024
SIG015,Signal Jammer Processor,4,SIG_Industries_375,Parent_Industries_304,India,40,Low,No,Sig_Industries_745,High,30-10-2024
SIG015,Signal Jammer Processor,4,SIG_Solutions_783,Parent_Industries_632,India,40,Low,No,Sig_Systems_741; Sig_Industries_574,Low,02-02-2025
SIG015,Signal Jammer Processor,4,SIG_Solutions_917,Parent_Industries_265,China,10,High,No,Sig_Solutions_533; Sig_Systems_372,Medium,11-10-2024
