Item_ID,Item_Name,Category,Supplier,Location,Criticality_Score,Daily_Use_Rate,Current_Stock,Lead_Time_Days,Reorder_Threshold,Unit_Cost
It_1,Part_1,Electrical,AlphaCorp,Base_C,0.5,4.0,72,10,14,1105.9
It_2,Part_2,Mechanical,BetaParts,Base_B,0.6,4.0,58,13,11,915.65
It_3,Part_3,Electrical,EpsilonEnterprises,Base_A,0.06,2.0,85,28,17,855.06
It_4,Part_4,Sensor,DeltaTech,Base_A,0.17,3.0,68,25,13,185.5
It_5,Part_5,Electrical,AlphaCorp,Base_B,0.28,3.0,104,8,20,1175.54
It_6,Part_6,Mechanical,EpsilonEnterprises,Depot_Y,0.4,5.0,94,30,18,251.5
It_7,Part_7,Electrical,EpsilonEnterprises,Base_B,0.2,4.0,58,30,11,200.51
It_8,Part_8,Sensor,DeltaTech,Base_B,0.52,3.0,85,26,17,1149.28
It_9,Part_9,Electronic,EpsilonEnterprises,Base_C,0.23,3.0,82,27,16,930.67
I_10,Part_10,Electrical,BetaParts,Field_X,0.16,5.0,121,15,24,631.52
I_11,Part_11,Hydraulic,GammaSupplies,Base_B,0.0,0.1,116,17,23,557.71
I_12,Part_12,Mechanical,GammaSupplies,Base_A,0.61,5.0,53,18,21,1508.13
I_13,Part_13,Electrical,DeltaTech,Base_A,0.5,8.0,98,24,19,1254.32
I_14,Part_14,Hydraulic,GammaSupplies,Depot_Y,0.11,1.0,41,20,8,332.89
I_15,Part_15,Hydraulic,AlphaCorp,Field_X,0.33,7.0,67,6,13,473.95
I_16,Part_16,Sensor,AlphaCorp,Field_X,0.59,3.0,80,9,16,501.81
I_17,Part_17,Electrical,EpsilonEnterprises,Base_C,0.39,7.0,57,30,11,251.95
I_18,Part_18,Sensor,GammaSupplies,Depot_Y,1.0,6.0,18,20,7,1361.31
I_19,Part_19,Mechanical,AlphaCorp,Base_A,0.51,4.0,56,11,11,1261.6
I_20,Part_20,Mechanical,GammaSupplies,Base_A,0.15,3.0,63,22,12,476.43
I_21,Part_21,Mechanical,AlphaCorp,Field_X,0.5,6.0,80,10,16,1084.06
I_22,Part_22,Hydraulic,DeltaTech,Base_C,0.16,4.0,107,27,21,1002.59
I_23,Part_23,Mechanical,GammaSupplies,Base_C,0.56,3.0,109,19,21,1408.43
I_24,Part_24,Mechanical,GammaSupplies,Base_A,0.47,7.0,77,19,15,381.32
I_25,Part_25,Sensor,BetaParts,Depot_Y,0.56,6.0,86,17,17,600.96
I_26,Part_26,Mechanical,BetaParts,Field_X,0.33,5.0,84,12,16,1183.22
I_27,Part_27,Electronic,GammaSupplies,Depot_Y,0.57,12.0,92,19,18,687.7
I_28,Part_28,Mechanical,GammaSupplies,Base_A,0.55,2.0,118,16,23,554.73
I_29,Part_29,Mechanical,AlphaCorp,Base_C,0.32,3.0,85,13,17,388.4
I_30,Part_30,Electronic,GammaSupplies,Base_A,0.43,2.0,126,23,25,963.37
I_31,Part_31,Mechanical,EpsilonEnterprises,Base_C,0.0,3.0,103,30,20,468.06
I_32,Part_32,Mechanical,DeltaTech,Field_X,0.57,4.0,46,26,9,1506.22
I_33,Part_33,Electronic,BetaParts,Base_C,0.48,5.0,109,14,21,278.32
I_34,Part_34,Mechanical,BetaParts,Depot_Y,0.77,7.0,90,12,36,978.5
I_35,Part_35,Sensor,GammaSupplies,Depot_Y,0.68,3.0,84,21,33,1038.12
I_36,Part_36,Electronic,EpsilonEnterprises,Field_X,0.43,8.0,68,30,13,553.52
I_37,Part_37,Hydraulic,BetaParts,Base_B,0.28,6.0,102,16,20,1057.47
I_38,Part_38,Sensor,DeltaTech,Base_A,0.46,10.0,77,26,15,1231.97
I_39,Part_39,Electrical,AlphaCorp,Base_B,0.54,3.0,66,10,13,1471.54
I_40,Part_40,Mechanical,DeltaTech,Depot_Y,0.37,7.0,67,24,13,814.57
I_41,Part_41,Electrical,DeltaTech,Field_X,0.6,5.0,67,25,13,264.78
I_42,Part_42,Sensor,DeltaTech,Depot_Y,0.5,3.0,98,24,19,1428.79
I_43,Part_43,Hydraulic,EpsilonEnterprises,Base_A,0.26,5.0,82,29,16,189.85
I_44,Part_44,Electrical,EpsilonEnterprises,Base_C,0.34,2.0,93,30,18,1294.38
I_45,Part_45,Hydraulic,AlphaCorp,Base_C,0.11,3.0,77,10,15,1102.97
I_46,Part_46,Electronic,BetaParts,Field_X,0.6,8.0,67,16,13,1052.99
I_47,Part_47,Electrical,GammaSupplies,Depot_Y,0.23,3.0,76,20,15,465.65
I_48,Part_48,Mechanical,EpsilonEnterprises,Base_A,0.78,11.0,59,29,23,1476.51
I_49,Part_49,Hydraulic,EpsilonEnterprises,Depot_Y,0.06,5.0,124,30,24,839.61
I_50,Part_50,Mechanical,BetaParts,Base_C,0.41,7.0,100,18,20,595.51
I_51,Part_51,Mechanical,EpsilonEnterprises,Depot_Y,0.47,8.0,61,30,12,428.75
I_52,Part_52,Electrical,EpsilonEnterprises,Base_C,0.58,1.0,92,26,18,715.77
I_53,Part_53,Electronic,AlphaCorp,Base_A,0.58,9.0,68,9,13,1551.61
I_54,Part_54,Hydraulic,GammaSupplies,Base_B,0.07,3.0,103,18,20,282.15
I_55,Part_55,Electrical,BetaParts,Depot_Y,0.55,4.0,66,13,13,401.93
I_56,Part_56,Electrical,AlphaCorp,Field_X,0.24,1.0,59,9,11,530.53
I_57,Part_57,Electrical,EpsilonEnterprises,Base_B,0.79,6.0,61,30,24,1384.45
I_58,Part_58,Mechanical,DeltaTech,Depot_Y,0.28,3.0,55,27,11,660.84
I_59,Part_59,Mechanical,GammaSupplies,Depot_Y,0.57,6.0,51,18,10,185.36
I_60,Part_60,Sensor,DeltaTech,Base_B,0.32,3.0,88,26,17,938.77
I_61,Part_61,Sensor,BetaParts,Base_C,0.6,5.0,99,13,19,1090.12
I_62,Part_62,Electronic,GammaSupplies,Field_X,0.12,5.0,84,18,16,273.97
I_63,Part_63,Sensor,DeltaTech,Base_A,0.48,4.0,58,25,11,1300.86
I_64,Part_64,Mechanical,BetaParts,Base_A,0.38,6.0,99,13,19,370.31
I_65,Part_65,Hydraulic,AlphaCorp,Depot_Y,0.25,2.0,51,6,10,778.89
I_66,Part_66,Sensor,BetaParts,Depot_Y,0.76,4.0,49,16,19,1255.5
I_67,Part_67,Mechanical,AlphaCorp,Base_A,0.51,9.0,103,10,20,931.71
I_68,Part_68,Electrical,BetaParts,Base_A,0.37,4.0,89,14,17,957.19
I_69,Part_69,Electrical,GammaSupplies,Base_A,0.0,4.0,107,16,21,772.85
I_70,Part_70,Sensor,BetaParts,Base_C,0.53,7.0,76,16,15,614.17
I_71,Part_71,Electronic,BetaParts,Depot_Y,0.47,6.0,68,18,13,1306.96
I_72,Part_72,Mechanical,EpsilonEnterprises,Depot_Y,0.48,4.0,101,29,20,347.69
I_73,Part_73,Electronic,BetaParts,Field_X,0.55,6.0,54,15,10,714.19
I_74,Part_74,Electronic,BetaParts,Base_A,0.57,6.0,107,16,21,1460.49
I_75,Part_75,Electrical,DeltaTech,Base_C,0.24,7.0,97,25,19,783.86
I_76,Part_76,Electronic,DeltaTech,Field_X,0.62,4.0,48,21,19,945.52
I_77,Part_77,Electrical,AlphaCorp,Base_A,0.35,5.0,95,9,19,643.99
I_78,Part_78,Electronic,GammaSupplies,Base_A,0.14,4.0,72,21,14,1100.06
I_79,Part_79,Mechanical,BetaParts,Base_B,0.35,4.0,60,13,12,1226.14
I_80,Part_80,Sensor,DeltaTech,Base_B,0.73,3.0,49,25,19,1380.5
I_81,Part_81,Electronic,BetaParts,Base_C,0.68,7.0,12,16,4,786.01
I_82,Part_82,Electronic,BetaParts,Base_A,0.13,0.1,103,13,20,783.13
I_83,Part_83,Electronic,EpsilonEnterprises,Base_A,0.54,1.0,50,28,10,1058.71
I_84,Part_84,Electrical,EpsilonEnterprises,Base_A,0.5,4.0,67,30,13,1051.91
I_85,Part_85,Electrical,BetaParts,Base_B,0.27,1.0,67,11,13,1147.32
I_86,Part_86,Electronic,DeltaTech,Field_X,0.75,7.0,20,28,8,638.78
I_87,Part_87,Mechanical,DeltaTech,Base_A,0.59,3.0,69,29,13,528.04
I_88,Part_88,Mechanical,DeltaTech,Base_A,0.53,5.0,77,23,15,530.37
I_89,Part_89,Electronic,GammaSupplies,Field_X,0.8,3.0,74,23,29,1257.36
I_90,Part_90,Hydraulic,DeltaTech,Depot_Y,0.71,5.0,74,23,29,298.43
I_91,Part_91,Electronic,BetaParts,Base_B,0.11,4.0,106,13,21,774.01
I_92,Part_92,Hydraulic,BetaParts,Base_A,0.93,6.0,104,14,41,773.58
I_93,Part_93,Sensor,EpsilonEnterprises,Base_A,0.53,5.0,78,30,15,1109.6
I_94,Part_94,Hydraulic,AlphaCorp,Base_A,0.51,5.0,73,11,14,402.6
I_95,Part_95,Sensor,DeltaTech,Depot_Y,0.81,10.0,61,25,24,475.16
I_96,Part_96,Sensor,BetaParts,Base_A,0.64,8.0,68,15,27,634.99
I_97,Part_97,Sensor,AlphaCorp,Base_B,0.32,1.0,94,7,18,993.02
I_98,Part_98,Electrical,EpsilonEnterprises,Base_A,0.66,5.0,72,30,28,514.04
I_99,Part_99,Mechanical,DeltaTech,Base_A,0.54,11.0,73,23,14,307.12
I100,Part_100,Sensor,BetaParts,Depot_Y,0.76,4.0,23,12,9,1252.56
I101,Part_101,Sensor,AlphaCorp,Depot_Y,0.8,10.0,55,8,22,482.03
I102,Part_102,Electrical,DeltaTech,Depot_Y,0.28,7.0,114,23,22,929.82
I103,Part_103,Sensor,EpsilonEnterprises,Base_C,0.67,5.0,58,29,23,361.66
I104,Part_104,Hydraulic,BetaParts,Base_C,0.52,8.0,91,13,18,830.36
I105,Part_105,Mechanical,GammaSupplies,Field_X,0.3,8.0,89,20,17,900.39
I106,Part_106,Mechanical,GammaSupplies,Field_X,0.46,11.0,73,20,14,586.35
I107,Part_107,Hydraulic,AlphaCorp,Base_A,0.26,3.0,96,11,19,1238.67
I108,Part_108,Electronic,EpsilonEnterprises,Depot_Y,0.1,5.0,99,30,19,1063.36
I109,Part_109,Electrical,AlphaCorp,Depot_Y,0.64,5.0,39,9,15,1023.28
I110,Part_110,Mechanical,EpsilonEnterprises,Base_C,0.43,7.0,109,29,21,1022.4
I111,Part_111,Mechanical,GammaSupplies,Base_A,0.06,3.0,88,21,17,316.61
I112,Part_112,Mechanical,GammaSupplies,Base_C,0.6,5.0,83,19,16,764.41
I113,Part_113,Mechanical,DeltaTech,Depot_Y,0.15,4.0,125,22,25,1009.61
I114,Part_114,Hydraulic,EpsilonEnterprises,Depot_Y,0.69,10.0,69,30,27,1380.53
I115,Part_115,Electrical,EpsilonEnterprises,Base_C,0.19,3.0,89,28,17,742.29
I116,Part_116,Electrical,BetaParts,Base_C,0.4,4.0,76,13,15,744.72
I117,Part_117,Electrical,AlphaCorp,Depot_Y,0.08,3.0,111,8,22,343.27
I118,Part_118,Mechanical,GammaSupplies,Base_C,0.39,6.0,84,15,16,248.92
I119,Part_119,Sensor,BetaParts,Base_C,0.55,3.0,70,16,14,434.21
I120,Part_120,Mechanical,GammaSupplies,Depot_Y,0.52,4.0,110,20,22,1343.49
I121,Part_121,Electronic,GammaSupplies,Base_A,0.58,7.0,83,23,16,274.08
I122,Part_122,Electrical,DeltaTech,Base_C,0.44,2.0,71,25,14,1408.72
I123,Part_123,Electrical,AlphaCorp,Base_C,0.19,8.0,79,11,15,196.32
I124,Part_124,Mechanical,GammaSupplies,Base_B,0.2,1.0,111,19,22,905.34
I125,Part_125,Electronic,EpsilonEnterprises,Field_X,0.3,3.0,116,30,23,643.18
I126,Part_126,Sensor,AlphaCorp,Base_A,0.81,12.0,69,10,27,473.7
I127,Part_127,Electrical,BetaParts,Depot_Y,0.46,7.0,71,15,14,485.19
I128,Part_128,Electrical,GammaSupplies,Depot_Y,0.38,6.0,39,20,7,1167.47
I129,Part_129,Sensor,BetaParts,Field_X,0.29,4.0,76,16,15,680.05
I130,Part_130,Mechanical,AlphaCorp,Base_C,0.64,7.0,82,10,32,222.07
I131,Part_131,Hydraulic,AlphaCorp,Base_C,0.37,3.0,60,10,12,1207.14
I132,Part_132,Mechanical,BetaParts,Base_A,0.49,5.0,97,12,19,419.69
I133,Part_133,Hydraulic,EpsilonEnterprises,Field_X,0.46,10.0,63,30,12,429.4
I134,Part_134,Sensor,BetaParts,Base_B,0.84,6.0,56,15,22,1625.97
I135,Part_135,Mechanical,BetaParts,Field_X,0.47,10.0,105,14,21,576.43
I136,Part_136,Electrical,BetaParts,Base_C,0.4,5.0,54,13,10,232.23
I137,Part_137,Electronic,BetaParts,Base_C,0.73,6.0,83,12,33,793.97
I138,Part_138,Mechanical,AlphaCorp,Field_X,0.09,7.0,110,10,22,347.86
I139,Part_139,Electrical,DeltaTech,Base_B,0.36,3.0,93,26,18,795.93
I140,Part_140,Mechanical,DeltaTech,Base_C,0.28,5.0,97,23,19,337.02
I141,Part_141,Hydraulic,BetaParts,Base_B,0.77,7.0,65,15,26,1135.37
I142,Part_142,Electrical,BetaParts,Field_X,0.43,8.0,93,13,18,496.68
I143,Part_143,Hydraulic,GammaSupplies,Base_A,0.34,5.0,107,21,21,395.39
I144,Part_144,Hydraulic,GammaSupplies,Depot_Y,0.48,1.0,100,23,20,876.2
I145,Part_145,Electronic,EpsilonEnterprises,Base_C,0.29,5.0,58,30,11,932.92
I146,Part_146,Electrical,AlphaCorp,Base_C,0.29,3.0,53,11,10,221.21
I147,Part_147,Mechanical,EpsilonEnterprises,Base_C,0.28,2.0,65,28,13,1050.01
I148,Part_148,Electrical,AlphaCorp,Depot_Y,0.41,6.0,93,13,18,1068.2
I149,Part_149,Electronic,GammaSupplies,Base_C,0.26,4.0,85,18,17,636.72
I150,Part_150,Electronic,EpsilonEnterprises,Depot_Y,0.42,7.0,103,30,20,807.78
I151,Part_151,Electrical,DeltaTech,Depot_Y,0.25,5.0,92,22,18,530.15
I152,Part_152,Mechanical,GammaSupplies,Base_A,0.22,3.0,66,15,13,781.45
I153,Part_153,Electronic,AlphaCorp,Depot_Y,0.57,8.0,72,10,14,1273.31
I154,Part_154,Sensor,BetaParts,Base_C,0.66,3.0,46,17,18,1623.56
I155,Part_155,Electronic,AlphaCorp,Base_C,0.62,7.0,78,7,31,697.87
I156,Part_156,Sensor,GammaSupplies,Base_A,0.54,1.0,83,20,16,753.44
I157,Part_157,Hydraulic,EpsilonEnterprises,Base_C,0.41,4.0,39,28,7,218.85
I158,Part_158,Electronic,GammaSupplies,Field_X,0.48,4.0,64,19,12,309.68
I159,Part_159,Hydraulic,EpsilonEnterprises,Base_B,0.28,5.0,79,30,15,735.15
I160,Part_160,Mechanical,DeltaTech,Field_X,0.1,3.0,84,22,16,519.99
I161,Part_161,Mechanical,EpsilonEnterprises,Depot_Y,0.51,2.0,89,29,17,504.09
I162,Part_162,Hydraulic,DeltaTech,Depot_Y,0.4,4.0,60,24,12,830.43
I163,Part_163,Electrical,GammaSupplies,Base_C,0.64,4.0,64,15,25,746.25
I164,Part_164,Mechanical,DeltaTech,Depot_Y,0.31,8.0,82,26,16,882.26
I165,Part_165,Sensor,GammaSupplies,Field_X,0.75,6.0,68,19,27,308.55
I166,Part_166,Electronic,DeltaTech,Base_B,0.42,2.0,62,27,12,520.97
I167,Part_167,Sensor,DeltaTech,Base_B,0.84,6.0,44,26,17,816.49
I168,Part_168,Electrical,GammaSupplies,Depot_Y,0.66,6.0,96,23,38,1283.62
I169,Part_169,Sensor,GammaSupplies,Base_A,0.71,6.0,85,21,34,541.43
I170,Part_170,Mechanical,GammaSupplies,Base_B,0.43,4.0,84,20,16,1232.46
I171,Part_171,Mechanical,BetaParts,Base_A,0.37,10.0,87,14,17,1032.13
I172,Part_172,Electrical,BetaParts,Field_X,0.38,8.0,117,16,23,1222.67
I173,Part_173,Sensor,AlphaCorp,Field_X,0.86,3.0,70,9,28,1525.32
I174,Part_174,Electronic,EpsilonEnterprises,Base_B,0.23,4.0,112,28,22,736.53
I175,Part_175,Electronic,DeltaTech,Field_X,0.11,4.0,72,28,14,996.31
I176,Part_176,Mechanical,BetaParts,Base_A,0.32,4.0,53,17,10,1075.51
I177,Part_177,Electrical,DeltaTech,Base_B,0.44,5.0,61,28,12,1187.27
I178,Part_178,Mechanical,EpsilonEnterprises,Field_X,0.59,4.0,92,28,18,1171.69
I179,Part_179,Electrical,EpsilonEnterprises,Base_B,0.42,4.0,108,30,21,1082.18
I180,Part_180,Electrical,DeltaTech,Base_B,0.13,6.0,116,24,23,503.36
I181,Part_181,Electronic,EpsilonEnterprises,Depot_Y,0.78,3.0,91,30,36,656.56
I182,Part_182,Sensor,GammaSupplies,Field_X,0.25,6.0,64,14,12,275.16
I183,Part_183,Sensor,EpsilonEnterprises,Field_X,0.64,6.0,60,30,24,1575.96
I184,Part_184,Sensor,DeltaTech,Base_B,0.85,3.0,64,24,25,600.49
I185,Part_185,Electronic,DeltaTech,Base_C,0.58,4.0,54,25,10,742.58
I186,Part_186,Mechanical,GammaSupplies,Depot_Y,0.17,2.0,96,20,19,706.86
I187,Part_187,Electronic,BetaParts,Base_C,0.09,4.0,84,12,16,1062.54
I188,Part_188,Electronic,AlphaCorp,Base_C,0.88,5.0,60,12,24,1073.58
I189,Part_189,Mechanical,GammaSupplies,Base_C,0.34,4.0,86,20,17,691.53
I190,Part_190,Hydraulic,EpsilonEnterprises,Base_A,0.58,6.0,58,28,11,392.21
I191,Part_191,Mechanical,BetaParts,Base_B,0.63,9.0,53,14,21,1496.83
I192,Part_192,Electronic,BetaParts,Base_B,0.25,5.0,89,12,17,448.03
I193,Part_193,Electrical,DeltaTech,Field_X,0.47,8.0,103,24,20,390.73
I194,Part_194,Hydraulic,EpsilonEnterprises,Field_X,0.32,5.0,87,30,17,732.19
I195,Part_195,Electronic,AlphaCorp,Base_B,0.38,6.0,90,10,18,793.03
I196,Part_196,Electronic,DeltaTech,Depot_Y,0.35,4.0,87,25,17,792.06
I197,Part_197,Electrical,EpsilonEnterprises,Field_X,0.2,6.0,112,30,22,1012.06
I198,Part_198,Electronic,AlphaCorp,Base_C,0.23,2.0,75,5,15,951.95
I199,Part_199,Hydraulic,DeltaTech,Field_X,0.64,8.0,98,24,39,1399.47
I200,Part_200,Sensor,EpsilonEnterprises,Depot_Y,0.7,6.0,85,27,34,1605.61
I201,Part_201,Mechanical,DeltaTech,Base_B,0.47,7.0,86,27,17,870.22
I202,Part_202,Hydraulic,DeltaTech,Field_X,0.38,4.0,87,25,17,485.81
I203,Part_203,Electrical,DeltaTech,Base_C,0.31,3.0,99,26,19,462.91
I204,Part_204,Electronic,BetaParts,Field_X,0.29,4.0,47,14,9,823.69
I205,Part_205,Mechanical,EpsilonEnterprises,Depot_Y,0.19,4.0,69,30,13,317.49
I206,Part_206,Electrical,DeltaTech,Depot_Y,0.44,3.0,79,27,15,226.48
I207,Part_207,Sensor,AlphaCorp,Base_A,0.67,7.0,89,6,35,820.2
I208,Part_208,Electronic,BetaParts,Field_X,0.26,8.0,67,15,13,562.04
I209,Part_209,Mechanical,AlphaCorp,Base_C,0.83,8.0,54,9,21,505.97
I210,Part_210,Electronic,GammaSupplies,Base_B,0.0,2.0,95,20,19,106.9
I211,Part_211,Electronic,GammaSupplies,Base_C,0.34,6.0,67,18,13,550.34
I212,Part_212,Electronic,GammaSupplies,Field_X,0.45,7.0,41,16,8,1329.43
I213,Part_213,Hydraulic,AlphaCorp,Field_X,0.55,4.0,103,9,20,514.36
I214,Part_214,Electrical,EpsilonEnterprises,Base_A,0.43,3.0,61,25,12,617.97
I215,Part_215,Hydraulic,BetaParts,Base_A,0.36,2.0,62,16,12,954.33
I216,Part_216,Electrical,AlphaCorp,Base_B,0.37,3.0,95,10,19,892.3
I217,Part_217,Mechanical,AlphaCorp,Depot_Y,0.48,3.0,88,6,17,795.35
I218,Part_218,Mechanical,BetaParts,Base_B,0.27,2.0,47,16,9,960.45
I219,Part_219,Electronic,AlphaCorp,Depot_Y,0.59,11.0,79,11,15,690.15
I220,Part_220,Mechanical,DeltaTech,Base_C,0.05,4.0,75,24,15,946.14
I221,Part_221,Hydraulic,BetaParts,Depot_Y,0.21,1.0,80,12,16,199.09
I222,Part_222,Sensor,AlphaCorp,Base_B,0.84,9.0,48,9,19,1021.03
I223,Part_223,Hydraulic,AlphaCorp,Depot_Y,0.38,1.0,89,7,17,167.0
I224,Part_224,Electrical,GammaSupplies,Depot_Y,0.33,6.0,88,21,17,1122.57
I225,Part_225,Electronic,DeltaTech,Base_B,0.38,4.0,89,28,17,1173.39
I226,Part_226,Electrical,EpsilonEnterprises,Base_B,0.45,4.0,52,28,10,1406.17
I227,Part_227,Electrical,GammaSupplies,Depot_Y,0.0,2.0,114,19,22,461.6
I228,Part_228,Electrical,EpsilonEnterprises,Base_A,0.87,7.0,109,26,43,570.3
I229,Part_229,Hydraulic,EpsilonEnterprises,Field_X,0.45,5.0,112,29,22,1425.19
I230,Part_230,Hydraulic,AlphaCorp,Depot_Y,0.17,5.0,79,12,15,655.37
I231,Part_231,Hydraulic,AlphaCorp,Field_X,0.94,13.0,47,9,18,1085.22
I232,Part_232,Electronic,AlphaCorp,Field_X,0.6,6.0,61,8,12,676.55
I233,Part_233,Hydraulic,DeltaTech,Base_B,0.27,2.0,103,23,20,143.36
I234,Part_234,Electronic,BetaParts,Depot_Y,0.57,10.0,55,14,11,732.86
I235,Part_235,Hydraulic,EpsilonEnterprises,Depot_Y,0.26,4.0,84,30,16,465.71
I236,Part_236,Electronic,DeltaTech,Field_X,0.52,4.0,70,23,14,555.96
I237,Part_237,Sensor,GammaSupplies,Base_C,0.45,9.0,58,22,11,305.41
I238,Part_238,Mechanical,AlphaCorp,Base_C,0.14,5.0,70,11,14,846.52
I239,Part_239,Electronic,BetaParts,Field_X,0.5,6.0,85,15,17,223.35
I240,Part_240,Sensor,EpsilonEnterprises,Field_X,0.41,2.0,66,30,13,491.46
I241,Part_241,Hydraulic,AlphaCorp,Field_X,0.33,1.0,86,11,17,511.58
I242,Part_242,Hydraulic,BetaParts,Field_X,0.23,2.0,78,16,15,996.35
I243,Part_243,Mechanical,GammaSupplies,Base_C,0.37,6.0,100,22,20,142.38
I244,Part_244,Hydraulic,GammaSupplies,Depot_Y,0.59,8.0,82,22,16,227.95
I245,Part_245,Hydraulic,EpsilonEnterprises,Base_A,0.48,5.0,73,30,14,1280.66
I246,Part_246,Sensor,BetaParts,Base_A,0.54,7.0,80,13,16,1177.7
I247,Part_247,Mechanical,DeltaTech,Field_X,0.62,6.0,41,25,16,552.15
I248,Part_248,Sensor,BetaParts,Field_X,0.4,2.0,75,13,15,761.01
I249,Part_249,Electronic,DeltaTech,Base_A,0.56,2.0,23,25,4,1107.27
I250,Part_250,Electrical,GammaSupplies,Base_B,0.51,6.0,87,21,17,314.36
I251,Part_251,Electronic,BetaParts,Base_C,0.6,3.0,55,16,11,1562.84
I252,Part_252,Sensor,GammaSupplies,Field_X,0.33,5.0,51,18,10,211.64
I253,Part_253,Sensor,EpsilonEnterprises,Base_C,0.45,8.0,61,27,12,400.56
I254,Part_254,Electronic,EpsilonEnterprises,Base_C,0.28,4.0,95,30,19,575.17
I255,Part_255,Hydraulic,DeltaTech,Base_C,0.17,6.0,108,23,21,258.39
I256,Part_256,Hydraulic,GammaSupplies,Base_B,0.82,7.0,102,16,40,890.95
I257,Part_257,Electrical,BetaParts,Base_C,0.12,5.0,88,11,17,552.49
I258,Part_258,Electrical,EpsilonEnterprises,Base_B,0.49,5.0,76,30,15,1459.57
I259,Part_259,Mechanical,BetaParts,Field_X,0.27,5.0,96,17,19,697.24
I260,Part_260,Hydraulic,EpsilonEnterprises,Depot_Y,0.47,1.0,88,29,17,449.54
I261,Part_261,Sensor,GammaSupplies,Base_A,0.35,4.0,94,19,18,939.86
I262,Part_262,Mechanical,GammaSupplies,Base_B,0.3,5.0,72,22,14,589.18
I263,Part_263,Hydraulic,BetaParts,Base_C,0.45,7.0,80,13,16,1343.3
I264,Part_264,Electrical,EpsilonEnterprises,Base_B,0.28,2.0,90,29,18,453.42
I265,Part_265,Hydraulic,AlphaCorp,Base_A,0.42,9.0,90,9,18,777.86
I266,Part_266,Sensor,GammaSupplies,Base_B,0.9,6.0,10,20,4,1576.6
I267,Part_267,Electronic,AlphaCorp,Base_A,0.3,6.0,104,8,20,279.6
I268,Part_268,Sensor,GammaSupplies,Field_X,0.58,1.0,84,14,16,235.69
I269,Part_269,Electronic,DeltaTech,Base_C,0.18,1.0,69,26,13,905.89
I270,Part_270,Mechanical,AlphaCorp,Base_C,0.17,5.0,82,7,16,1066.74
I271,Part_271,Electronic,AlphaCorp,Base_A,0.28,4.0,114,10,22,800.51
I272,Part_272,Electronic,DeltaTech,Base_A,0.29,2.0,53,26,10,958.45
I273,Part_273,Sensor,AlphaCorp,Base_B,0.52,12.0,79,8,15,624.43
I274,Part_274,Mechanical,EpsilonEnterprises,Base_C,0.51,9.0,88,30,17,673.34
I275,Part_275,Electrical,BetaParts,Base_A,0.39,5.0,89,18,17,1218.16
I276,Part_276,Sensor,DeltaTech,Depot_Y,0.61,6.0,47,22,18,1423.68
I277,Part_277,Sensor,EpsilonEnterprises,Base_B,0.81,5.0,71,29,28,1075.09
I278,Part_278,Sensor,DeltaTech,Field_X,0.63,6.0,57,21,22,1168.55
I279,Part_279,Electronic,GammaSupplies,Depot_Y,0.31,6.0,81,19,16,458.59
I280,Part_280,Electronic,GammaSupplies,Depot_Y,0.45,4.0,72,18,14,1107.94
I281,Part_281,Sensor,AlphaCorp,Depot_Y,0.47,4.0,110,8,22,1015.89
I282,Part_282,Electrical,BetaParts,Base_B,0.2,3.0,88,15,17,219.43
I283,Part_283,Hydraulic,AlphaCorp,Base_B,0.73,4.0,90,12,36,1122.78
I284,Part_284,Mechanical,BetaParts,Depot_Y,0.6,6.0,65,15,13,1006.12
I285,Part_285,Electrical,BetaParts,Base_A,0.61,3.0,92,16,36,739.2
I286,Part_286,Electronic,DeltaTech,Depot_Y,0.39,5.0,63,24,12,1075.23
I287,Part_287,Electronic,GammaSupplies,Base_A,0.37,3.0,98,23,19,923.27
I288,Part_288,Mechanical,GammaSupplies,Base_C,0.68,6.0,50,18,20,577.46
I289,Part_289,Electronic,AlphaCorp,Base_B,0.74,10.0,56,11,22,990.59
I290,Part_290,Hydraulic,EpsilonEnterprises,Base_B,0.58,5.0,87,29,17,1105.71
I291,Part_291,Electronic,AlphaCorp,Depot_Y,0.35,7.0,111,8,22,674.36
I292,Part_292,Mechanical,BetaParts,Base_C,0.57,3.0,87,14,17,305.92
I293,Part_293,Mechanical,AlphaCorp,Base_A,0.3,3.0,113,11,22,1082.53
I294,Part_294,Mechanical,GammaSupplies,Depot_Y,0.47,4.0,135,22,27,619.16
I295,Part_295,Sensor,GammaSupplies,Field_X,0.81,10.0,50,20,20,496.8
I296,Part_296,Electrical,DeltaTech,Base_C,1.0,11.0,52,28,20,490.45
I297,Part_297,Electronic,GammaSupplies,Depot_Y,0.26,2.0,61,17,12,191.47
I298,Part_298,Sensor,DeltaTech,Field_X,0.72,7.0,101,25,40,1258.92
I299,Part_299,Electrical,EpsilonEnterprises,Base_A,0.4,6.0,54,28,10,1012.01
I300,Part_300,Electronic,GammaSupplies,Depot_Y,0.32,4.0,78,19,15,1073.8
